randomness,layer_name,execution_time,test_accuracy,test_cross_entropy
0,-,18.450451,0.8482999801635742,0.43982645869255066
0.003,adapter.backbone.0,210.815825,0.8486999869346619,0.4397948384284973
0.003,adapter.backbone.1,139.750092,0.8481000065803528,0.43981727957725525
0.003,adapter.backbone.2,53.123721,0.8479999899864197,0.439942330121994
0.003,adapter.backbone.3,89.421984,0.8482999801635742,0.43982651829719543
0.003,adapter.backbone.4,132.0497,0.8482999801635742,0.4398265480995178
0.003,adapter.backbone.5,42.097859,0.8095999956130981,1.3395086526870728
0.003,adapter.backbone.6,53.73771,0.8483999967575073,0.44014590978622437
0.003,adapter.backbone.7,25.374278,0.8463000059127808,0.44560757279396057
0.003,adapter.backbone.8,41.525968,0.8482999801635742,0.43982645869255066
0.003,adapter.backbone.9,70.461395,0.7730000019073486,0.637858510017395
0.003,adapter.backbone.10,19.161608,0.8482999801635742,0.43982642889022827
0.003,adapter.backbone.11,37.715863,0.8435999751091003,1.9976951173637734e+17
0.003,adapter.backbone.12,41.966647,0.8482999801635742,0.4398263692855835
0.003,adapter.backbone.13,30.045706,0.8482999801635742,0.43982645869255066
0.003,adapter.backbone.14,16.478676,0.8463000059127808,0.44460922479629517
0.003,adapter.backbone.15,16.301235,0.8458999991416931,0.44720694422721863
0.003,adapter.backbone.16,20.182925,0.8482999801635742,0.43982651829719543
0.003,adapter.backbone.17,19.143544,0.8476999998092651,0.44173553586006165
0.003,adapter.backbone.18,19.401134,0.8217999935150146,3.3152217864990234
0.003,adapter.backbone.19,17.567469,0.8482999801635742,0.4398280680179596
0.003,adapter.backbone.20,16.889609,0.8482999801635742,0.43982645869255066
0.003,adapter.head.0,16.669302,0.8483999967575073,3878185.0
0.004,adapter.backbone.0,295.928841,0.8482999801635742,0.4398266077041626
0.004,adapter.backbone.1,298.28617,0.8116999864578247,0.679758608341217
0.004,adapter.backbone.2,72.230946,0.8481000065803528,0.43991073966026306
0.004,adapter.backbone.3,48.284491,0.8482999801635742,0.4398554563522339
0.004,adapter.backbone.4,108.705718,0.8482999801635742,0.4398265480995178
0.004,adapter.backbone.5,42.094609,0.8482999801635742,0.4398265480995178
0.004,adapter.backbone.6,78.838754,0.8375999927520752,102901144.0
0.004,adapter.backbone.7,73.05649,0.8453999757766724,0.4497123956680298
0.004,adapter.backbone.8,60.121337,0.8233000040054321,0.6552525758743286
0.004,adapter.backbone.9,37.049476,0.8482999801635742,0.43982642889022827
0.004,adapter.backbone.10,19.607705,0.8482999801635742,0.4398263692855835
0.004,adapter.backbone.11,36.620911,0.8485000133514404,0.439847856760025
0.004,adapter.backbone.12,32.99968,0.8478000164031982,0.4400162100791931
0.004,adapter.backbone.13,30.851013,0.8483999967575073,0.43982574343681335
0.004,adapter.backbone.14,31.842133,0.8482000231742859,0.4398343861103058
0.004,adapter.backbone.15,18.297945,0.8482999801635742,0.43982645869255066
0.004,adapter.backbone.16,19.784975,0.8482999801635742,0.4398265480995178
0.004,adapter.backbone.17,18.581612,0.8482999801635742,0.4398266077041626
0.004,adapter.backbone.18,18.78082,0.8482999801635742,0.4398280382156372
0.004,adapter.backbone.19,17.87224,0.8482999801635742,0.43982645869255066
0.004,adapter.backbone.20,17.332859,0.8482999801635742,0.4398265480995178
0.004,adapter.head.0,16.732775,0.8482999801635742,0.4398248493671417
0.005,adapter.backbone.0,306.315502,0.8482999801635742,0.4398261308670044
0.005,adapter.backbone.1,207.423609,0.8482999801635742,0.4398265480995178
0.005,adapter.backbone.2,38.467922,0.8482999801635742,0.4398266077041626
0.005,adapter.backbone.3,48.727274,0.8482999801635742,0.43982651829719543
0.005,adapter.backbone.4,91.382616,0.8465999960899353,0.4433564841747284
0.005,adapter.backbone.5,31.002663,0.8027999997138977,0.6288987994194031
0.005,adapter.backbone.6,78.95546,0.8482999801635742,0.43982651829719543
0.005,adapter.backbone.7,87.70577,0.8482999801635742,0.4398265480995178
0.005,adapter.backbone.8,61.003895,0.8482999801635742,0.43982651829719543
0.005,adapter.backbone.9,64.430421,0.8482999801635742,0.43982651829719543
0.005,adapter.backbone.10,27.358708,0.8169000148773193,2303.631103515625
0.005,adapter.backbone.11,43.420436,0.8482999801635742,0.4398266077041626
0.005,adapter.backbone.12,33.253693,0.8482999801635742,0.43985220789909363
0.005,adapter.backbone.13,46.322531,0.8485000133514404,0.43984290957450867
0.005,adapter.backbone.14,30.192786,0.8482999801635742,0.43982622027397156
0.005,adapter.backbone.15,18.208999,0.8482999801635742,0.439822793006897
0.005,adapter.backbone.16,20.338521,0.8482999801635742,0.4398266077041626
0.005,adapter.backbone.17,20.19028,0.8482999801635742,0.43982651829719543
0.005,adapter.backbone.18,21.360595,0.8483999967575073,0.4398386776447296
0.005,adapter.backbone.19,19.372872,0.8482999801635742,0.43982651829719543
0.005,adapter.backbone.20,17.749976,0.8482999801635742,0.4398707151412964
0.005,adapter.head.0,17.315837,0.8482999801635742,0.43982651829719543
0.006,adapter.backbone.0,144.245881,0.8482999801635742,0.43982651829719543
0.006,adapter.backbone.1,278.514698,0.8482999801635742,0.43982645869255066
0.006,adapter.backbone.2,25.02721,0.8482999801635742,0.4398266077041626
0.006,adapter.backbone.3,145.461988,0.8482999801635742,0.43982651829719543
0.006,adapter.backbone.4,118.505301,0.8482999801635742,0.4398265480995178
0.006,adapter.backbone.5,22.696975,0.8482999801635742,0.4398265480995178
0.006,adapter.backbone.6,72.614279,0.8482999801635742,0.43982651829719543
0.006,adapter.backbone.7,91.316623,0.8062999844551086,1.4953848794817495e+18
0.006,adapter.backbone.8,75.765265,0.8482999801635742,0.43982645869255066
0.006,adapter.backbone.9,83.447851,0.8482999801635742,0.4398266077041626
0.006,adapter.backbone.10,20.306092,0.8482999801635742,0.43982645869255066
0.006,adapter.backbone.11,46.687096,0.8245000243186951,0.5194103717803955
0.006,adapter.backbone.12,21.399723,0.7559000253677368,1.398439289993298e+18
0.006,adapter.backbone.13,36.067724,0.8482999801635742,0.43982645869255066
0.006,adapter.backbone.14,42.511837,0.8482999801635742,0.43982622027397156
0.006,adapter.backbone.15,17.958017,0.8482000231742859,0.4398857355117798
0.006,adapter.backbone.16,19.078158,0.8330000042915344,141982672.0
0.006,adapter.backbone.17,18.744556,0.8482999801635742,0.43982645869255066
0.006,adapter.backbone.18,20.222454,0.8474000096321106,0.44955819845199585
0.006,adapter.backbone.19,19.087587,0.8482999801635742,0.4398266077041626
0.006,adapter.backbone.20,18.041077,0.8482999801635742,0.4398266673088074
0.006,adapter.head.0,17.633928,0.8482999801635742,0.43982651829719543
0.007,adapter.backbone.0,162.916391,0.8482999801635742,0.4398292601108551
0.007,adapter.backbone.1,178.368296,0.8485000133514404,0.43981507420539856
0.007,adapter.backbone.2,57.034916,0.8482999801635742,0.43983256816864014
0.007,adapter.backbone.3,160.132854,0.8482999801635742,0.43982651829719543
0.007,adapter.backbone.4,151.925216,0.8482999801635742,0.43982651829719543
0.007,adapter.backbone.5,43.062842,0.8482999801635742,0.43982651829719543
0.007,adapter.backbone.6,33.453857,0.8482999801635742,0.4398261308670044
0.007,adapter.backbone.7,24.434197,0.8482999801635742,0.43982651829719543
0.007,adapter.backbone.8,73.257541,0.8482999801635742,0.43982523679733276
0.007,adapter.backbone.9,44.347433,0.8482999801635742,0.43982645869255066
0.007,adapter.backbone.10,20.868605,0.8478999733924866,0.44043880701065063
0.007,adapter.backbone.11,41.33723,0.8482999801635742,0.4398265480995178
0.007,adapter.backbone.12,28.51023,0.8482999801635742,0.4398265480995178
0.007,adapter.backbone.13,28.432761,0.8482999801635742,0.43982651829719543
0.007,adapter.backbone.14,19.919653,0.8468999862670898,0.4419025778770447
0.007,adapter.backbone.15,18.02468,0.8137999773025513,4.326408861788406e+17
0.007,adapter.backbone.16,18.762102,0.8482999801635742,0.4398265480995178
0.007,adapter.backbone.17,17.184029,0.8482999801635742,0.43982645869255066
0.007,adapter.backbone.18,18.992517,0.8482999801635742,0.43982645869255066
0.007,adapter.backbone.19,18.461671,0.8482999801635742,0.4398265480995178
0.007,adapter.backbone.20,16.811187,0.6836000084877014,nan
0.007,adapter.head.0,16.982027,0.8464999794960022,0.5209885835647583
0.008,adapter.backbone.0,146.529908,0.8235999941825867,1.409103315832144e+18
0.008,adapter.backbone.1,182.513263,0.8482999801635742,0.4398265480995178
0.008,adapter.backbone.2,31.059588,0.8482999801635742,0.4398265480995178
0.008,adapter.backbone.3,115.261336,0.8288000226020813,132873664.0
0.008,adapter.backbone.4,57.24373,0.8482999801635742,0.43982407450675964
0.008,adapter.backbone.5,31.500865,0.8482999801635742,0.4398268163204193
0.008,adapter.backbone.6,55.403387,0.8482999801635742,0.43982645869255066
0.008,adapter.backbone.7,42.715068,0.796500027179718,4531.43359375
0.008,adapter.backbone.8,46.061305,0.8464999794960022,0.44733843207359314
0.008,adapter.backbone.9,54.248108,0.8482999801635742,0.43982651829719543
0.008,adapter.backbone.10,21.13454,0.8482999801635742,0.4398263692855835
0.008,adapter.backbone.11,30.300726,0.8474000096321106,0.44948428869247437
0.008,adapter.backbone.12,31.124484,0.8194000124931335,304570784.0
0.008,adapter.backbone.13,33.644449,0.8482999801635742,0.43982645869255066
0.008,adapter.backbone.14,18.961001,0.8482999801635742,0.4398266077041626
0.008,adapter.backbone.15,18.096396,0.8482999801635742,0.4398265480995178
0.008,adapter.backbone.16,17.611208,0.8482999801635742,0.43982645869255066
0.008,adapter.backbone.17,19.981609,0.8482999801635742,0.4398265480995178
0.008,adapter.backbone.18,18.885035,0.8482999801635742,0.43982645869255066
0.008,adapter.backbone.19,17.784812,0.8482999801635742,0.4398263692855835
0.008,adapter.backbone.20,17.258827,0.8400999903678894,0.5258756279945374
0.008,adapter.head.0,16.2099,0.8468999862670898,0.5657399296760559
0.009000000000000001,adapter.backbone.0,286.667741,0.8234000205993652,283325984.0
0.009000000000000001,adapter.backbone.1,84.40671,0.8482999801635742,0.4398261606693268
0.009000000000000001,adapter.backbone.2,74.719189,0.8482999801635742,0.4398261308670044
0.009000000000000001,adapter.backbone.3,63.225305,0.8482999801635742,0.43982675671577454
0.009000000000000001,adapter.backbone.4,106.385733,0.7878000140190125,382279008.0
0.009000000000000001,adapter.backbone.5,34.749434,0.8482999801635742,0.43982645869255066
0.009000000000000001,adapter.backbone.6,51.38709,0.8291000127792358,0.49756699800491333
0.009000000000000001,adapter.backbone.7,35.682981,0.8483999967575073,0.4407905638217926
0.009000000000000001,adapter.backbone.8,53.945328,0.8482999801635742,0.43982651829719543
0.009000000000000001,adapter.backbone.9,58.285069,0.8482999801635742,0.43982651829719543
0.009000000000000001,adapter.backbone.10,20.252278,0.8482999801635742,0.43982651829719543
0.009000000000000001,adapter.backbone.11,36.026333,0.8483999967575073,0.4398301839828491
0.009000000000000001,adapter.backbone.12,34.178513,0.8482999801635742,0.43982642889022827
0.009000000000000001,adapter.backbone.13,37.190365,0.8482000231742859,0.43971431255340576
0.009000000000000001,adapter.backbone.14,20.726886,0.8478000164031982,0.44149288535118103
0.009000000000000001,adapter.backbone.15,20.234894,0.8482999801635742,0.43982651829719543
0.009000000000000001,adapter.backbone.16,19.862858,0.8482999801635742,0.4398265480995178
0.009000000000000001,adapter.backbone.17,17.496099,0.8482999801635742,0.43982651829719543
0.009000000000000001,adapter.backbone.18,19.406985,0.8483999967575073,0.4398438036441803
0.009000000000000001,adapter.backbone.19,18.318262,0.7915999889373779,272390272.0
0.009000000000000001,adapter.backbone.20,18.302101,0.8482999801635742,0.4398256838321686
0.009000000000000001,adapter.head.0,17.660614,0.8482999801635742,0.43982651829719543
0.01,adapter.backbone.0,227.878078,0.8468000292778015,0.44241446256637573
0.01,adapter.backbone.1,209.298327,0.8136000037193298,0.6654068231582642
0.01,adapter.backbone.2,67.980022,0.8482999801635742,0.4398266077041626
0.01,adapter.backbone.3,96.573114,0.8482999801635742,0.4398265480995178
0.01,adapter.backbone.4,117.552587,0.7885000109672546,1.7139874448539648e+18
0.01,adapter.backbone.5,47.657631,0.8483999967575073,0.43979790806770325
0.01,adapter.backbone.6,42.736475,0.8287000060081482,85101400.0
0.01,adapter.backbone.7,50.492327,0.8482999801635742,0.4398329555988312
0.01,adapter.backbone.8,71.555757,0.8447999954223633,1.1609380782447002e+17
0.01,adapter.backbone.9,49.053141,0.8335999846458435,0.5059922337532043
0.01,adapter.backbone.10,21.758668,0.8482999801635742,0.4398266077041626
0.01,adapter.backbone.11,39.151419,0.8482999801635742,0.43982645869255066
0.01,adapter.backbone.12,29.166608,0.8485999703407288,0.4396896958351135
0.01,adapter.backbone.13,30.433574,0.8483999967575073,0.4397120177745819
0.01,adapter.backbone.14,23.036919,0.8475000262260437,0.4398376941680908
0.01,adapter.backbone.15,17.795036,0.8482999801635742,0.43982797861099243
0.01,adapter.backbone.16,20.001551,0.8482999801635742,0.43982651829719543
0.01,adapter.backbone.17,17.871811,0.8482999801635742,0.43982651829719543
0.01,adapter.backbone.18,18.834781,0.8460000157356262,0.47171083092689514
0.01,adapter.backbone.19,18.922784,0.8482999801635742,0.4398266077041626
0.01,adapter.backbone.20,17.69468,0.6833999752998352,nan
0.01,adapter.head.0,16.778583,0.8482000231742859,0.440354585647583
0.02,adapter.backbone.0,194.101212,0.8482999801635742,0.4398263692855835
0.02,adapter.backbone.1,297.096916,0.7991999983787537,0.7264314889907837
0.02,adapter.backbone.2,46.641991,0.79830002784729,39.984580993652344
0.02,adapter.backbone.3,144.028482,0.8482999801635742,0.4399459958076477
0.02,adapter.backbone.4,116.469875,0.8482999801635742,0.43982627987861633
0.02,adapter.backbone.5,28.778339,0.8479999899864197,0.4405871033668518
0.02,adapter.backbone.6,38.739651,0.8482999801635742,0.43982645869255066
0.02,adapter.backbone.7,36.685133,0.8482999801635742,0.4398317039012909
0.02,adapter.backbone.8,85.159011,0.8483999967575073,0.4398292601108551
0.02,adapter.backbone.9,25.569396,0.8482999801635742,0.4398265480995178
0.02,adapter.backbone.10,22.445672,0.8202000260353088,0.9068193435668945
0.02,adapter.backbone.11,45.412195,0.8482999801635742,0.43982645869255066
0.02,adapter.backbone.12,20.142984,0.8482999801635742,0.4398259222507477
0.02,adapter.backbone.13,35.300938,0.8482999801635742,0.4398265480995178
0.02,adapter.backbone.14,31.272272,0.8482999801635742,0.43982645869255066
0.02,adapter.backbone.15,18.084731,0.8482999801635742,0.43982768058776855
0.02,adapter.backbone.16,19.440737,0.8482999801635742,0.4398268461227417
0.02,adapter.backbone.17,17.267508,0.7943000197410583,9241.8544921875
0.02,adapter.backbone.18,19.948872,0.8482999801635742,0.43982651829719543
0.02,adapter.backbone.19,17.281728,0.8482999801635742,0.43982577323913574
0.02,adapter.backbone.20,17.190569,0.8482999801635742,0.4398266673088074
0.02,adapter.head.0,17.282296,0.8468999862670898,1.3394410422350643e+17
0.03,adapter.backbone.0,111.888013,0.8485000133514404,0.4398129880428314
0.03,adapter.backbone.1,241.473994,0.8482999801635742,0.43982651829719543
0.03,adapter.backbone.2,25.066439,0.8456000089645386,0.44509097933769226
0.03,adapter.backbone.3,92.028324,0.8485000133514404,0.4398247003555298
0.03,adapter.backbone.4,66.861426,0.8485000133514404,0.43986451625823975
0.03,adapter.backbone.5,26.086559,0.8482999801635742,0.4398266077041626
0.03,adapter.backbone.6,76.727237,0.8482999801635742,0.43982645869255066
0.03,adapter.backbone.7,49.184398,0.847100019454956,0.44471800327301025
0.03,adapter.backbone.8,66.226578,0.8443999886512756,0.5222423076629639
0.03,adapter.backbone.9,45.036977,0.8482999801635742,0.4398265480995178
0.03,adapter.backbone.10,17.818099,0.8482999801635742,0.43982651829719543
0.03,adapter.backbone.11,36.748719,0.8482000231742859,0.4398987293243408
0.03,adapter.backbone.12,27.96849,0.8482999801635742,0.43982651829719543
0.03,adapter.backbone.13,24.831256,0.8485999703407288,0.43993061780929565
0.03,adapter.backbone.14,17.64317,0.8481000065803528,0.4398580491542816
0.03,adapter.backbone.15,17.428431,0.8483999967575073,0.4398201107978821
0.03,adapter.backbone.16,20.460217,0.8483999967575073,0.4398251473903656
0.03,adapter.backbone.17,19.360379,0.8482999801635742,0.43982645869255066
0.03,adapter.backbone.18,19.991145,0.8482999801635742,0.43982645869255066
0.03,adapter.backbone.19,16.757597,0.8482999801635742,0.43982645869255066
0.03,adapter.backbone.20,17.961678,0.8112999796867371,161238720.0
0.03,adapter.head.0,16.958637,0.8482999801635742,0.43982645869255066
0.04,adapter.backbone.0,288.965409,0.8482999801635742,0.4398285746574402
0.04,adapter.backbone.1,266.597803,0.7922000288963318,9610.17578125
0.04,adapter.backbone.2,47.745562,0.7983999848365784,9732.392578125
0.04,adapter.backbone.3,119.847067,0.8483999967575073,0.43982383608818054
0.04,adapter.backbone.4,144.995198,0.8483999967575073,0.4398171007633209
0.04,adapter.backbone.5,26.985309,0.8482999801635742,0.4398265480995178
0.04,adapter.backbone.6,33.750567,0.8482999801635742,0.4398256838321686
0.04,adapter.backbone.7,27.434094,0.8482999801635742,0.43982651829719543
0.04,adapter.backbone.8,42.231849,0.8482999801635742,0.43982627987861633
0.04,adapter.backbone.9,41.294248,0.8482999801635742,0.43982642889022827
0.04,adapter.backbone.10,22.700368,0.8482999801635742,0.4398265480995178
0.04,adapter.backbone.11,45.323764,0.8478999733924866,0.4402076303958893
0.04,adapter.backbone.12,22.563793,0.7906000018119812,4349.89501953125
0.04,adapter.backbone.13,41.488834,0.8482999801635742,0.43982651829719543
0.04,adapter.backbone.14,36.695349,0.8481000065803528,0.4398047924041748
0.04,adapter.backbone.15,17.193867,0.8482999801635742,0.43982651829719543
0.04,adapter.backbone.16,18.858032,0.8485000133514404,0.43979111313819885
0.04,adapter.backbone.17,18.454697,0.8485999703407288,0.43985092639923096
0.04,adapter.backbone.18,19.479861,0.8439000248908997,254.0580291748047
0.04,adapter.backbone.19,19.491362,0.8482999801635742,0.43982651829719543
0.04,adapter.backbone.20,17.514072,0.8483999967575073,0.4406260848045349
0.04,adapter.head.0,16.65615,0.8482999801635742,0.4398263096809387
0.05,adapter.backbone.0,109.97627,0.8482999801635742,0.43982645869255066
0.05,adapter.backbone.1,233.497602,0.8482999801635742,0.4398266077041626
0.05,adapter.backbone.2,44.37876,0.8482999801635742,0.43982651829719543
0.05,adapter.backbone.3,114.836916,0.8288000226020813,5.432249209774408e+17
0.05,adapter.backbone.4,97.71525,0.8483999967575073,0.4398294985294342
0.05,adapter.backbone.5,31.727243,0.8482999801635742,0.4398265480995178
0.05,adapter.backbone.6,44.997683,0.8482999801635742,0.4398277699947357
0.05,adapter.backbone.7,25.457881,0.8482999801635742,0.43982645869255066
0.05,adapter.backbone.8,79.494598,0.8453999757766724,0.5230599045753479
0.05,adapter.backbone.9,36.797751,0.8482999801635742,0.43982645869255066
0.05,adapter.backbone.10,18.519876,0.8482999801635742,0.43982651829719543
0.05,adapter.backbone.11,45.188479,0.8468999862670898,0.4558003544807434
0.05,adapter.backbone.12,24.274644,0.8482999801635742,0.43982622027397156
0.05,adapter.backbone.13,27.855076,0.8482999801635742,0.43982645869255066
0.05,adapter.backbone.14,40.578977,0.8482999801635742,0.4398256838321686
0.05,adapter.backbone.15,17.386754,0.8482999801635742,0.43982651829719543
0.05,adapter.backbone.16,20.725502,0.8482999801635742,0.43982699513435364
0.05,adapter.backbone.17,18.582679,0.8482999801635742,0.43982651829719543
0.05,adapter.backbone.18,19.7525,0.8482999801635742,0.4398278295993805
0.05,adapter.backbone.19,17.963998,0.8118000030517578,0.7230398654937744
0.05,adapter.backbone.20,17.740154,0.8482999801635742,0.43982651829719543
0.05,adapter.head.0,18.06735,0.8482999801635742,0.4398241341114044
0.06,adapter.backbone.0,174.098207,0.8482999801635742,0.4398614168167114
0.06,adapter.backbone.1,68.563111,0.8485000133514404,0.439816951751709
0.06,adapter.backbone.2,33.322217,0.8174999952316284,0.5584880113601685
0.06,adapter.backbone.3,140.477606,0.8483999967575073,0.4398115575313568
0.06,adapter.backbone.4,93.198354,0.8482999801635742,0.43982651829719543
0.06,adapter.backbone.5,36.762557,0.808899998664856,1.0958164440729518e+18
0.06,adapter.backbone.6,51.910902,0.8485999703407288,0.4397711455821991
0.06,adapter.backbone.7,30.669224,0.7821999788284302,9.873064661614592e+17
0.06,adapter.backbone.8,70.669164,0.8482999801635742,0.43982651829719543
0.06,adapter.backbone.9,21.919677,0.7519000172615051,4.950123310089111
0.06,adapter.backbone.10,18.739251,0.8483999967575073,0.43982529640197754
0.06,adapter.backbone.11,27.090562,0.8478999733924866,0.4433363378047943
0.06,adapter.backbone.12,19.064691,0.8482999801635742,0.43982651829719543
0.06,adapter.backbone.13,38.743693,0.8482999801635742,0.43982645869255066
0.06,adapter.backbone.14,42.058922,0.8463000059127808,0.44511133432388306
0.06,adapter.backbone.15,17.591795,0.8482000231742859,0.43979769945144653
0.06,adapter.backbone.16,20.861053,0.8482999801635742,0.43982651829719543
0.06,adapter.backbone.17,18.599209,0.8389999866485596,0.5241152048110962
0.06,adapter.backbone.18,21.736703,0.8476999998092651,0.44061654806137085
0.06,adapter.backbone.19,18.743949,0.8482999801635742,0.43982645869255066
0.06,adapter.backbone.20,17.494842,0.8482999801635742,0.43982645869255066
0.06,adapter.head.0,17.460209,0.8481000065803528,0.4405864179134369
0.07,adapter.backbone.0,93.316193,0.8482999801635742,0.43982645869255066
0.07,adapter.backbone.1,59.510008,0.8482999801635742,0.43982645869255066
0.07,adapter.backbone.2,42.223923,0.8482999801635742,0.43982645869255066
0.07,adapter.backbone.3,65.457512,0.8482999801635742,0.43982645869255066
0.07,adapter.backbone.4,86.802084,0.8482999801635742,0.4398280680179596
0.07,adapter.backbone.5,21.800882,0.8482999801635742,0.43982651829719543
0.07,adapter.backbone.6,67.319085,0.8482999801635742,0.43982651829719543
0.07,adapter.backbone.7,49.845347,0.8468999862670898,0.4443747103214264
0.07,adapter.backbone.8,48.418348,0.8482999801635742,0.43982645869255066
0.07,adapter.backbone.9,62.748108,0.8482999801635742,0.43982645869255066
0.07,adapter.backbone.10,21.397164,0.8482999801635742,0.4398265480995178
0.07,adapter.backbone.11,39.340405,0.8482999801635742,0.43982645869255066
0.07,adapter.backbone.12,29.266697,0.8482999801635742,0.43982627987861633
0.07,adapter.backbone.13,24.357822,0.8482999801635742,0.43982645869255066
0.07,adapter.backbone.14,19.685335,0.8482999801635742,0.43982645869255066
0.07,adapter.backbone.15,18.706367,0.8472999930381775,0.4440927803516388
0.07,adapter.backbone.16,18.998019,0.8482999801635742,0.43982645869255066
0.07,adapter.backbone.17,18.19629,0.8482999801635742,0.43982651829719543
0.07,adapter.backbone.18,18.8966,0.8482999801635742,0.43982645869255066
0.07,adapter.backbone.19,17.411241,0.8461999893188477,0.4498850703239441
0.07,adapter.backbone.20,17.569596,0.8076000213623047,148626496.0
0.07,adapter.head.0,16.922885,0.8482999801635742,0.43982645869255066
0.08,adapter.backbone.0,155.995609,0.8482999801635742,0.4398265480995178
0.08,adapter.backbone.1,166.276038,0.8482999801635742,0.4398283064365387
0.08,adapter.backbone.2,69.293846,0.8482999801635742,0.43982651829719543
0.08,adapter.backbone.3,129.840172,0.8482999801635742,0.43982645869255066
0.08,adapter.backbone.4,66.298553,0.8482999801635742,0.43982651829719543
0.08,adapter.backbone.5,33.726145,0.8479999899864197,0.44006597995758057
0.08,adapter.backbone.6,31.805251,0.8482999801635742,0.43982651829719543
0.08,adapter.backbone.7,45.698958,0.8482999801635742,0.43982982635498047
0.08,adapter.backbone.8,31.642381,0.8482999801635742,0.43982645869255066
0.08,adapter.backbone.9,53.919612,0.8482999801635742,0.4398258924484253
0.08,adapter.backbone.10,20.508031,0.8482999801635742,0.43982651829719543
0.08,adapter.backbone.11,32.322977,0.8483999967575073,0.43990927934646606
0.08,adapter.backbone.12,21.724358,0.8481000065803528,0.43982431292533875
0.08,adapter.backbone.13,36.085494,0.8234000205993652,0.5982613563537598
0.08,adapter.backbone.14,32.274971,0.8479999899864197,0.43970543146133423
0.08,adapter.backbone.15,16.673243,0.8481000065803528,0.43980008363723755
0.08,adapter.backbone.16,18.686906,0.84170001745224,5.035426616668701
0.08,adapter.backbone.17,17.214634,0.8482999801635742,0.4398263692855835
0.08,adapter.backbone.18,17.626405,0.8234999775886536,nan
0.08,adapter.backbone.19,16.735913,0.8482999801635742,0.4398263096809387
0.08,adapter.backbone.20,16.410024,0.8482999801635742,0.43982642889022827
0.08,adapter.head.0,16.588434,0.8471999764442444,2.8053016662597656
0.09,adapter.backbone.0,247.06945,0.8482999801635742,0.43982645869255066
0.09,adapter.backbone.1,188.509998,0.8482999801635742,0.43982574343681335
0.09,adapter.backbone.2,43.033304,0.8019000291824341,0.7023212909698486
0.09,adapter.backbone.3,59.066426,0.8482999801635742,0.43982645869255066
0.09,adapter.backbone.4,77.878788,0.8482999801635742,0.4401867687702179
0.09,adapter.backbone.5,24.60955,0.8482999801635742,0.43982651829719543
0.09,adapter.backbone.6,67.596208,0.8482999801635742,0.43982642889022827
0.09,adapter.backbone.7,52.892148,0.8482999801635742,0.4398271143436432
0.09,adapter.backbone.8,65.979499,0.8482999801635742,0.43982651829719543
0.09,adapter.backbone.9,65.859264,0.819599986076355,1.0768699645996094
0.09,adapter.backbone.10,19.693041,0.8482999801635742,0.43982651829719543
0.09,adapter.backbone.11,32.796216,0.8482999801635742,0.4398263692855835
0.09,adapter.backbone.12,30.227142,0.8170999884605408,297170080.0
0.09,adapter.backbone.13,24.845574,0.8482999801635742,0.43982645869255066
0.09,adapter.backbone.14,23.703667,0.8156999945640564,1.1829686164855957
0.09,adapter.backbone.15,16.508772,0.8482999801635742,0.4398265480995178
0.09,adapter.backbone.16,17.945861,0.8371000289916992,4.511465602275082e+17
0.09,adapter.backbone.17,16.799539,0.8482999801635742,0.43985816836357117
0.09,adapter.backbone.18,18.877494,0.8482999801635742,0.4398273825645447
0.09,adapter.backbone.19,16.151743,0.8482999801635742,0.4398263692855835
0.09,adapter.backbone.20,16.566263,0.805899977684021,2313.316162109375
0.09,adapter.head.0,16.135988,0.8479999899864197,0.4400395154953003
0.1,adapter.backbone.0,241.755258,0.8482999801635742,0.43982651829719543
0.1,adapter.backbone.1,129.894871,0.8428999781608582,0.44895195960998535
0.1,adapter.backbone.2,42.423263,0.79830002784729,2.738261141208695e+18
0.1,adapter.backbone.3,65.822249,0.830299973487854,0.6911039352416992
0.1,adapter.backbone.4,32.946732,0.8482999801635742,0.43982645869255066
0.1,adapter.backbone.5,25.879292,0.8482999801635742,0.43982651829719543
0.1,adapter.backbone.6,46.02369,0.8349000215530396,0.6889593601226807
0.1,adapter.backbone.7,53.717961,0.8482999801635742,0.43982645869255066
0.1,adapter.backbone.8,59.243956,0.8482999801635742,0.43982651829719543
0.1,adapter.backbone.9,56.38045,0.8148999810218811,3107.0419921875
0.1,adapter.backbone.10,22.985639,0.8482999801635742,0.43982651829719543
0.1,adapter.backbone.11,23.641792,0.8245999813079834,2.160291412275364e+17
0.1,adapter.backbone.12,18.11298,0.8483999967575073,0.4398628771305084
0.1,adapter.backbone.13,26.984847,0.8482999801635742,0.43982645869255066
0.1,adapter.backbone.14,27.568681,0.8463000059127808,0.4507564902305603
0.1,adapter.backbone.15,16.477928,0.8482999801635742,0.43982765078544617
0.1,adapter.backbone.16,17.823363,0.8482999801635742,0.43982645869255066
0.1,adapter.backbone.17,17.988881,0.8449000120162964,0.45058944821357727
0.1,adapter.backbone.18,17.992227,0.8482999801635742,0.43982645869255066
0.1,adapter.backbone.19,16.397278,0.8482999801635742,0.4398227632045746
0.1,adapter.backbone.20,16.404299,0.8482999801635742,0.43982645869255066
0.1,adapter.head.0,16.162537,0.8471999764442444,2.2911930084228516
0.2,adapter.backbone.0,82.186472,0.8234000205993652,inf
0.2,adapter.backbone.1,211.002964,0.7918000221252441,nan
0.2,adapter.backbone.2,51.408071,0.8113999962806702,0.6733158826828003
0.2,adapter.backbone.3,53.952458,0.8482999801635742,0.4397696256637573
0.2,adapter.backbone.4,98.98986,0.8482999801635742,0.43982642889022827
0.2,adapter.backbone.5,37.381376,0.8483999967575073,0.44002223014831543
0.2,adapter.backbone.6,37.612053,0.8483999967575073,0.439838707447052
0.2,adapter.backbone.7,49.916219,0.8478999733924866,0.44040191173553467
0.2,adapter.backbone.8,31.373984,0.8482999801635742,0.4410012662410736
0.2,adapter.backbone.9,20.133236,0.7991999983787537,0.5925493240356445
0.2,adapter.backbone.10,17.300904,0.8482999801635742,0.43982386589050293
0.2,adapter.backbone.11,24.976276,0.8248999714851379,0.536334216594696
0.2,adapter.backbone.12,27.653817,0.8191999793052673,1.1774823665618896
0.2,adapter.backbone.13,24.119943,0.8482999801635742,0.4398283064365387
0.2,adapter.backbone.14,17.294435,0.847599983215332,0.44174477458000183
0.2,adapter.backbone.15,17.182452,0.7038999795913696,7.164839182712428e+33
0.2,adapter.backbone.16,19.056647,0.8482999801635742,0.43982645869255066
0.2,adapter.backbone.17,17.545831,0.8162999749183655,27.469749450683594
0.2,adapter.backbone.18,18.320219,0.8234999775886536,nan
0.2,adapter.backbone.19,17.934913,0.8482999801635742,0.43982645869255066
0.2,adapter.backbone.20,17.213536,0.6833999752998352,nan
0.2,adapter.head.0,16.957794,0.8482999801635742,0.43985453248023987
0.30000000000000004,adapter.backbone.0,206.943768,0.8482999801635742,0.43982651829719543
0.30000000000000004,adapter.backbone.1,128.236161,0.8482999801635742,0.4398265480995178
0.30000000000000004,adapter.backbone.2,35.200735,0.8482999801635742,0.4398265480995178
0.30000000000000004,adapter.backbone.3,111.585835,0.8482999801635742,0.4398265480995178
0.30000000000000004,adapter.backbone.4,48.394653,0.8482999801635742,0.43982720375061035
0.30000000000000004,adapter.backbone.5,24.518532,0.8482999801635742,0.4398348033428192
0.30000000000000004,adapter.backbone.6,32.77221,0.8483999967575073,0.43982237577438354
0.30000000000000004,adapter.backbone.7,46.746561,0.8482999801635742,0.43982645869255066
0.30000000000000004,adapter.backbone.8,51.309369,0.8483999967575073,0.43993079662323
0.30000000000000004,adapter.backbone.9,19.147984,0.8482999801635742,0.43982651829719543
0.30000000000000004,adapter.backbone.10,17.503082,0.7714999914169312,766.3934326171875
0.30000000000000004,adapter.backbone.11,27.21475,0.8245000243186951,0.5397463440895081
0.30000000000000004,adapter.backbone.12,18.259381,0.8482999801635742,0.43982651829719543
0.30000000000000004,adapter.backbone.13,26.219559,0.8413000106811523,4.756945574769459e+16
0.30000000000000004,adapter.backbone.14,21.363348,0.8482999801635742,0.4398271143436432
0.30000000000000004,adapter.backbone.15,17.74854,0.8482000231742859,0.4398140013217926
0.30000000000000004,adapter.backbone.16,18.326711,0.8482999801635742,0.43982642889022827
0.30000000000000004,adapter.backbone.17,17.405085,0.8482999801635742,0.4398066997528076
0.30000000000000004,adapter.backbone.18,18.156553,0.8479999899864197,0.44044893980026245
0.30000000000000004,adapter.backbone.19,17.353871,0.8391000032424927,0.5226446986198425
0.30000000000000004,adapter.backbone.20,16.238551,0.7904999852180481,1960.3214111328125
0.30000000000000004,adapter.head.0,16.45536,0.8482999801635742,0.43982645869255066
0.4,adapter.backbone.0,221.869224,0.8482999801635742,0.4398292601108551
0.4,adapter.backbone.1,98.202859,0.8482999801635742,0.43978774547576904
0.4,adapter.backbone.2,57.253264,0.8482999801635742,0.4398265480995178
0.4,adapter.backbone.3,108.462028,0.8483999967575073,0.43982231616973877
0.4,adapter.backbone.4,30.934552,0.8478999733924866,0.4401293992996216
0.4,adapter.backbone.5,20.133409,0.8482999801635742,0.43985262513160706
0.4,adapter.backbone.6,45.435908,0.8482999801635742,0.43982651829719543
0.4,adapter.backbone.7,35.431835,0.8482999801635742,0.43982651829719543
0.4,adapter.backbone.8,48.743153,0.8483999967575073,0.4398231506347656
0.4,adapter.backbone.9,43.696526,0.847100019454956,0.4410027265548706
0.4,adapter.backbone.10,18.30609,0.7555999755859375,inf
0.4,adapter.backbone.11,23.71476,0.8482999801635742,0.43982651829719543
0.4,adapter.backbone.12,20.0121,0.8482999801635742,0.4398265480995178
0.4,adapter.backbone.13,23.884221,0.8482999801635742,0.43982645869255066
0.4,adapter.backbone.14,21.564623,0.8482000231742859,0.43983402848243713
0.4,adapter.backbone.15,16.00728,0.8482999801635742,0.43982645869255066
0.4,adapter.backbone.16,19.255488,0.8234000205993652,0.5012045502662659
0.4,adapter.backbone.17,17.238552,0.7968999743461609,0.6331031322479248
0.4,adapter.backbone.18,18.566182,0.8438000082969666,1.3727396726608276
0.4,adapter.backbone.19,16.425441,0.8482999801635742,0.43982645869255066
0.4,adapter.backbone.20,16.447829,0.8482999801635742,0.4398269057273865
0.4,adapter.head.0,15.988895,0.8482999801635742,0.43982645869255066
0.5,adapter.backbone.0,120.299159,0.8485999703407288,0.43975815176963806
0.5,adapter.backbone.1,129.409123,0.8482999801635742,0.43982651829719543
0.5,adapter.backbone.2,36.801541,0.8483999967575073,0.4398384690284729
0.5,adapter.backbone.3,47.330289,0.8482999801635742,0.4398191273212433
0.5,adapter.backbone.4,34.843745,0.8482999801635742,0.43982645869255066
0.5,adapter.backbone.5,21.589664,0.8482999801635742,0.43982651829719543
0.5,adapter.backbone.6,45.070636,0.8314999938011169,0.4875625967979431
0.5,adapter.backbone.7,40.249538,0.8483999967575073,0.43984612822532654
0.5,adapter.backbone.8,60.662176,0.8482999801635742,0.43982645869255066
0.5,adapter.backbone.9,24.313429,0.8482999801635742,0.4398261606693268
0.5,adapter.backbone.10,17.39452,0.8482999801635742,0.43982642889022827
0.5,adapter.backbone.11,23.446911,0.8482999801635742,0.43982645869255066
0.5,adapter.backbone.12,19.582496,0.8482999801635742,0.43982642889022827
0.5,adapter.backbone.13,26.063358,0.8414000272750854,233.8729705810547
0.5,adapter.backbone.14,21.975387,0.8482999801635742,0.4398308992385864
0.5,adapter.backbone.15,17.015293,0.8482999801635742,0.43982645869255066
0.5,adapter.backbone.16,18.429924,0.8482999801635742,0.43982645869255066
0.5,adapter.backbone.17,16.969504,0.8472999930381775,0.442994624376297
0.5,adapter.backbone.18,18.081863,0.8482999801635742,0.43982645869255066
0.5,adapter.backbone.19,16.341802,0.7603999972343445,9.575284614658785e+17
0.5,adapter.backbone.20,16.358944,0.8482999801635742,0.43981459736824036
0.5,adapter.head.0,16.267457,0.8475000262260437,0.4515649974346161
0.6000000000000001,adapter.backbone.0,199.777547,0.8486999869346619,0.4403577744960785
0.6000000000000001,adapter.backbone.1,130.73896,0.8482999801635742,0.43982651829719543
0.6000000000000001,adapter.backbone.2,32.196369,0.7986000180244446,34.91006851196289
0.6000000000000001,adapter.backbone.3,106.676042,0.8482999801635742,0.4398265480995178
0.6000000000000001,adapter.backbone.4,104.029981,0.8482999801635742,0.43982645869255066
0.6000000000000001,adapter.backbone.5,30.287247,0.8482999801635742,0.4398250877857208
0.6000000000000001,adapter.backbone.6,36.197353,0.8482999801635742,0.4398265480995178
0.6000000000000001,adapter.backbone.7,39.028684,0.8482999801635742,0.43982651829719543
0.6000000000000001,adapter.backbone.8,32.393829,0.8482999801635742,0.43982651829719543
0.6000000000000001,adapter.backbone.9,38.096554,0.8130000233650208,0.9669052958488464
0.6000000000000001,adapter.backbone.10,17.902078,0.8482000231742859,0.43975692987442017
0.6000000000000001,adapter.backbone.11,30.894066,0.8482999801635742,0.4398266077041626
0.6000000000000001,adapter.backbone.12,22.783772,0.8482999801635742,0.43982645869255066
0.6000000000000001,adapter.backbone.13,24.155808,0.8482000231742859,0.4397977888584137
0.6000000000000001,adapter.backbone.14,19.267051,0.8482999801635742,0.4398265480995178
0.6000000000000001,adapter.backbone.15,17.157773,0.8482999801635742,0.43982651829719543
0.6000000000000001,adapter.backbone.16,18.702405,0.8482999801635742,0.43982651829719543
0.6000000000000001,adapter.backbone.17,16.991408,0.8482999801635742,0.43982645869255066
0.6000000000000001,adapter.backbone.18,18.40737,0.8234999775886536,nan
0.6000000000000001,adapter.backbone.19,16.86825,0.8483999967575073,0.4400441348552704
0.6000000000000001,adapter.backbone.20,16.971342,0.8482999801635742,0.4398265480995178
0.6000000000000001,adapter.head.0,16.369757,0.8482999801635742,0.43982645869255066
0.7000000000000001,adapter.backbone.0,128.623137,0.8234999775886536,0.5186008214950562
0.7000000000000001,adapter.backbone.1,111.688693,0.8479999899864197,0.44025883078575134
0.7000000000000001,adapter.backbone.2,62.900565,0.7980999946594238,671735424.0
0.7000000000000001,adapter.backbone.3,127.7817,0.8483999967575073,0.439820796251297
0.7000000000000001,adapter.backbone.4,58.478901,0.7882999777793884,320351680.0
0.7000000000000001,adapter.backbone.5,22.0234,0.8482999801635742,0.43983194231987
0.7000000000000001,adapter.backbone.6,52.487221,0.8483999967575073,0.4398438334465027
0.7000000000000001,adapter.backbone.7,37.086294,0.8482999801635742,0.4398263692855835
0.7000000000000001,adapter.backbone.8,39.511074,0.8410000205039978,0.4891493022441864
0.7000000000000001,adapter.backbone.9,35.304347,0.8052999973297119,9.312713623046875
0.7000000000000001,adapter.backbone.10,17.24674,0.7785999774932861,53269092.0
0.7000000000000001,adapter.backbone.11,30.983872,0.8482000231742859,0.44078174233436584
0.7000000000000001,adapter.backbone.12,17.548325,0.8478000164031982,0.43999454379081726
0.7000000000000001,adapter.backbone.13,29.070232,0.8483999967575073,0.4396565854549408
0.7000000000000001,adapter.backbone.14,27.227121,0.8100000023841858,280599264.0
0.7000000000000001,adapter.backbone.15,16.314674,0.8482999801635742,0.43982359766960144
0.7000000000000001,adapter.backbone.16,18.241696,0.8485999703407288,0.4398406744003296
0.7000000000000001,adapter.backbone.17,16.346388,0.8055999875068665,1.042128562927246
0.7000000000000001,adapter.backbone.18,18.793822,0.8482999801635742,0.4398265480995178
0.7000000000000001,adapter.backbone.19,16.33216,0.8482999801635742,0.4398263096809387
0.7000000000000001,adapter.backbone.20,16.425122,0.8482999801635742,0.4398265480995178
0.7000000000000001,adapter.head.0,15.820783,0.8460999727249146,29914824.0
0.8,adapter.backbone.0,117.929475,0.8485000133514404,0.43981415033340454
0.8,adapter.backbone.1,157.021781,0.8482999801635742,0.4398265480995178
0.8,adapter.backbone.2,42.796604,0.8482999801635742,0.4398265480995178
0.8,adapter.backbone.3,47.458404,0.8482999801635742,0.4398261308670044
0.8,adapter.backbone.4,78.864145,0.7760999798774719,nan
0.8,adapter.backbone.5,27.695064,0.8483999967575073,0.4398139715194702
0.8,adapter.backbone.6,31.404958,0.8482999801635742,0.4398266077041626
0.8,adapter.backbone.7,23.063234,0.8482999801635742,0.43982207775115967
0.8,adapter.backbone.8,45.287884,0.8482999801635742,0.4398266673088074
0.8,adapter.backbone.9,56.023888,0.8482999801635742,0.43982651829719543
0.8,adapter.backbone.10,21.843069,0.8482999801635742,0.43982645869255066
0.8,adapter.backbone.11,35.505032,0.8482999801635742,0.43982505798339844
0.8,adapter.backbone.12,18.546943,0.847599983215332,0.44152143597602844
0.8,adapter.backbone.13,24.561731,0.8482999801635742,0.43982651829719543
0.8,adapter.backbone.14,17.916437,0.8483999967575073,0.4398285150527954
0.8,adapter.backbone.15,17.797623,0.8482999801635742,0.4398275911808014
0.8,adapter.backbone.16,19.03872,0.8482999801635742,0.43982651829719543
0.8,adapter.backbone.17,16.778663,0.7468000054359436,4.332807263547818e+18
0.8,adapter.backbone.18,19.163031,0.8460999727249146,0.5231389403343201
0.8,adapter.backbone.19,16.860856,0.8482999801635742,0.43982645869255066
0.8,adapter.backbone.20,16.639276,0.8216000199317932,0.6279779076576233
0.8,adapter.head.0,16.15082,0.8482000231742859,0.8245358467102051
0.9,adapter.backbone.0,119.305983,0.8482999801635742,0.4398263096809387
0.9,adapter.backbone.1,204.782415,0.8482999801635742,0.43982651829719543
0.9,adapter.backbone.2,33.882697,0.8482999801635742,0.4398265480995178
0.9,adapter.backbone.3,111.583125,0.8482999801635742,0.43982651829719543
0.9,adapter.backbone.4,57.643458,0.8482999801635742,0.43982765078544617
0.9,adapter.backbone.5,20.295419,0.8483999967575073,0.4398212432861328
0.9,adapter.backbone.6,50.436202,0.8482999801635742,0.4398263096809387
0.9,adapter.backbone.7,50.23906,0.8482999801635742,0.43982765078544617
0.9,adapter.backbone.8,32.425544,0.847599983215332,0.44198814034461975
0.9,adapter.backbone.9,47.30445,0.8468999862670898,0.4416620135307312
0.9,adapter.backbone.10,22.619743,0.8163999915122986,5.5291718469576294e+17
0.9,adapter.backbone.11,23.346019,0.8482999801635742,0.43982499837875366
0.9,adapter.backbone.12,28.555051,0.8482999801635742,0.43982651829719543
0.9,adapter.backbone.13,23.701272,0.8482999801635742,0.4398265480995178
0.9,adapter.backbone.14,21.042628,0.8482999801635742,0.43982651829719543
0.9,adapter.backbone.15,17.680726,0.8479999899864197,0.43985626101493835
0.9,adapter.backbone.16,17.922109,0.8482999801635742,0.43982651829719543
0.9,adapter.backbone.17,17.953367,0.8485000133514404,0.4399245083332062
0.9,adapter.backbone.18,17.583143,0.8471999764442444,0.44395115971565247
0.9,adapter.backbone.19,16.617169,0.8479999899864197,0.4398360252380371
0.9,adapter.backbone.20,16.621783,0.8289999961853027,1.1279678344726562
0.9,adapter.head.0,16.051976,0.8482999801635742,0.43982645869255066
1,adapter.backbone.0,216.828325,0.8237000107765198,0.5277287364006042
1,adapter.backbone.1,68.135396,0.8482999801635742,0.43982914090156555
1,adapter.backbone.2,32.24324,0.8482999801635742,0.4398024380207062
1,adapter.backbone.3,60.816324,0.8482999801635742,0.43982645869255066
1,adapter.backbone.4,119.372224,0.791100025177002,1.9733846187591553
1,adapter.backbone.5,25.931123,0.8061000108718872,2541.462158203125
1,adapter.backbone.6,39.78998,0.8482999801635742,0.43982675671577454
1,adapter.backbone.7,61.614736,0.8482999801635742,0.43982642889022827
1,adapter.backbone.8,68.031773,0.843999981880188,399.4525146484375
1,adapter.backbone.9,59.263082,0.8188999891281128,1.074552297592163
1,adapter.backbone.10,20.713531,0.8482999801635742,0.4398265480995178
1,adapter.backbone.11,32.050796,0.8483999967575073,0.43983033299446106
1,adapter.backbone.12,18.937988,0.8482999801635742,0.4398442804813385
1,adapter.backbone.13,34.18565,0.8482999801635742,0.43982645869255066
1,adapter.backbone.14,20.504214,0.7803000211715698,2664.427978515625
1,adapter.backbone.15,17.58436,0.8482999801635742,0.43982651829719543
1,adapter.backbone.16,18.38392,0.8482999801635742,0.43982651829719543
1,adapter.backbone.17,16.47099,0.8482999801635742,0.4398265480995178
1,adapter.backbone.18,18.723278,0.8482999801635742,0.43982645869255066
1,adapter.backbone.19,17.669574,0.8062000274658203,1.5609234690785935e+18
1,adapter.backbone.20,16.684318,0.8481000065803528,0.4402432143688202
1,adapter.head.0,16.221368,0.8482999801635742,0.4398265480995178
0,-,15.816865,0.8482999801635742,0.43982645869255066
