randomness,layer_name,execution_time,test_iou,test_cross_entropy
0,-,354.263596,0.09574031084775925,0.10112804174423218
0,head.encoder.model.conv_stem,372.582477,0.09574031084775925,0.10112804174423218
0,head.encoder.model.bn1,371.985857,0.09574031084775925,0.10112803429365158
0,head.encoder.model.act1,379.052871,0.09574031084775925,0.10112803429365158
0,head.encoder.model.blocks.0.0.conv_dw,374.04687,0.09574031084775925,0.10112804174423218
0,head.encoder.model.blocks.0.0.bn1,373.680129,0.09574031084775925,0.10112804174423218
0,head.encoder.model.blocks.0.0.act1,374.424722,0.09574031084775925,0.10112803429365158
0,head.encoder.model.blocks.0.0.se,322.5335,0.09574031084775925,0.10112804174423218
0,head.encoder.model.blocks.0.0.conv_pw,373.86629,0.09574031084775925,0.10112804174423218
0,head.encoder.model.blocks.0.0.bn2,372.202815,0.09574031084775925,0.10112804174423218
0,head.encoder.model.blocks.0.0.act2,374.64183,0.09574031084775925,0.10112803429365158
0,head.encoder.model.blocks.1.0.conv_pw,373.510178,0.09574031084775925,0.10112804919481277
0,head.encoder.model.blocks.1.0.bn1,374.787236,0.09574031084775925,0.10112804174423218
0,head.encoder.model.blocks.1.0.act1,375.99143,0.09574031084775925,0.10112804174423218
0,head.encoder.model.blocks.1.0.conv_dw,374.14207,0.09574031084775925,0.10112804174423218
0,head.encoder.model.blocks.1.0.bn2,374.265335,0.09574031084775925,0.10112804174423218
0,head.encoder.model.blocks.1.0.act2,376.692799,0.09574031084775925,0.10112804919481277
0,head.encoder.model.blocks.1.0.se,373.682685,0.09574031084775925,0.10112804174423218
0,head.encoder.model.blocks.1.0.conv_pwl,376.461564,0.09574031084775925,0.10112804174423218
0,head.encoder.model.blocks.1.0.bn3,374.267973,0.09574031084775925,0.10112804174423218
0,head.encoder.model.blocks.1.1.conv_pw,373.080021,0.09574031084775925,0.10112804174423218
0,head.encoder.model.blocks.1.1.bn1,372.947119,0.09574031084775925,0.10112803429365158
0,head.encoder.model.blocks.1.1.act1,371.408314,0.09574031084775925,0.10112804919481277
0,head.encoder.model.blocks.1.1.conv_dw,375.247885,0.09574031084775925,0.10112804174423218
0,head.encoder.model.blocks.1.1.bn2,372.438225,0.09574031084775925,0.10112804174423218
0,head.encoder.model.blocks.1.1.act2,327.190608,0.09574031084775925,0.10112803429365158
0,head.encoder.model.blocks.1.1.se,375.223247,0.09574034810066223,0.10112803429365158
0,head.encoder.model.blocks.1.1.conv_pwl,370.140895,0.09574031084775925,0.10112804174423218
0,head.encoder.model.blocks.1.1.bn3,376.6132,0.09574031084775925,0.10112803429365158
0,head.encoder.model.blocks.2.0.conv_pw,373.97008,0.09574031084775925,0.10112804919481277
0,head.encoder.model.blocks.2.0.bn1,375.648709,0.09574031084775925,0.10112804174423218
0,head.encoder.model.blocks.2.0.act1,374.651283,0.09574031084775925,0.10112803429365158
0,head.encoder.model.blocks.2.0.conv_dw,374.164161,0.09574031084775925,0.10112804174423218
0,head.encoder.model.blocks.2.0.bn2,373.766611,0.09574031084775925,0.10112804174423218
0,head.encoder.model.blocks.2.0.act2,376.078505,0.09574031084775925,0.10112804919481277
0,head.encoder.model.blocks.2.0.se.conv_reduce,374.323015,0.09574031084775925,0.10112803429365158
0,head.encoder.model.blocks.2.0.se.act1,374.471756,0.09574031084775925,0.10112803429365158
0,head.encoder.model.blocks.2.0.se.conv_expand,372.457464,0.09574031084775925,0.10112804174423218
0,head.encoder.model.blocks.2.0.se.gate,375.831827,0.09574031084775925,0.10112804174423218
0,head.encoder.model.blocks.2.0.conv_pwl,326.146403,0.09574031084775925,0.10112804174423218
0,head.encoder.model.blocks.2.0.bn3,376.283351,0.09574031084775925,0.10112804174423218
0,head.encoder.model.blocks.2.1.conv_pw,378.546031,0.09574031084775925,0.10112804174423218
0,head.encoder.model.blocks.2.1.bn1,380.843093,0.09574031084775925,0.10112804174423218
0,head.encoder.model.blocks.2.1.act1,380.125506,0.09574031084775925,0.10112804174423218
0,head.encoder.model.blocks.2.1.conv_dw,380.460798,0.09574031084775925,0.10112804919481277
0,head.encoder.model.blocks.2.1.bn2,381.914091,0.09574031084775925,0.10112803429365158
0,head.encoder.model.blocks.2.1.act2,379.587211,0.09574031084775925,0.10112804174423218
0,head.encoder.model.blocks.2.1.se.conv_reduce,380.560509,0.09574031084775925,0.10112804174423218
0,head.encoder.model.blocks.2.1.se.act1,381.059049,0.09574031084775925,0.10112804919481277
0,head.encoder.model.blocks.2.1.se.conv_expand,327.561331,0.09574031084775925,0.10112803429365158
0,head.encoder.model.blocks.2.1.se.gate,379.43397,0.09574031084775925,0.10112803429365158
0,head.encoder.model.blocks.2.1.conv_pwl,381.653817,0.09574031084775925,0.10112804174423218
0,head.encoder.model.blocks.2.1.bn3,383.896507,0.09574031084775925,0.10112804174423218
0,head.encoder.model.blocks.2.2.conv_pw,381.641939,0.09574031084775925,0.10112804174423218
0,head.encoder.model.blocks.2.2.bn1,383.240527,0.09574031084775925,0.10112803429365158
0,head.encoder.model.blocks.2.2.act1,381.514857,0.09574031084775925,0.10112804174423218
0,head.encoder.model.blocks.2.2.conv_dw,380.713338,0.09574031084775925,0.10112804174423218
0,head.encoder.model.blocks.2.2.bn2,382.352772,0.09574031084775925,0.10112804919481277
0,head.encoder.model.blocks.2.2.act2,380.955734,0.09574031084775925,0.10112804919481277
0,head.encoder.model.blocks.2.2.se.conv_reduce,382.501324,0.09574031084775925,0.10112803429365158
0,head.encoder.model.blocks.2.2.se.act1,383.055004,0.09574031084775925,0.10112803429365158
0,head.encoder.model.blocks.2.2.se.conv_expand,382.398342,0.09574031084775925,0.10112804919481277
0,head.encoder.model.blocks.2.2.se.gate,381.671358,0.09574031084775925,0.10112804919481277
0,head.encoder.model.blocks.2.2.conv_pwl,380.808294,0.09574031084775925,0.10112803429365158
0,head.encoder.model.blocks.2.2.bn3,379.971318,0.09574031084775925,0.10112804919481277
0,head.encoder.model.blocks.3.0.conv_pw,382.191234,0.09574031084775925,0.10112805664539337
0,head.encoder.model.blocks.3.0.bn1,381.907982,0.09574031084775925,0.10112804919481277
0,head.encoder.model.blocks.3.0.act1,380.268059,0.09574031084775925,0.10112804174423218
0,head.encoder.model.blocks.3.0.conv_dw,380.590183,0.09574031084775925,0.10112804174423218
0,head.encoder.model.blocks.3.0.bn2,380.303923,0.09574031084775925,0.10112804174423218
0,head.encoder.model.blocks.3.0.act2,380.85049,0.09574031084775925,0.10112804174423218
0,head.encoder.model.blocks.3.0.se,381.099077,0.09574031084775925,0.10112803429365158
0,head.encoder.model.blocks.3.0.conv_pwl,381.819175,0.09574031084775925,0.10112804919481277
0,head.encoder.model.blocks.3.0.bn3,381.618658,0.09574031084775925,0.10112804174423218
0,head.encoder.model.blocks.3.1.conv_pw,378.772742,0.09574031084775925,0.10112803429365158
0,head.encoder.model.blocks.3.1.bn1,379.060421,0.09574031084775925,0.10112804174423218
0,head.encoder.model.blocks.3.1.act1,380.422199,0.09574031084775925,0.10112804174423218
0,head.encoder.model.blocks.3.1.conv_dw,381.713218,0.09574031084775925,0.10112804174423218
0,head.encoder.model.blocks.3.1.bn2,381.686468,0.09574031084775925,0.10112804919481277
0,head.encoder.model.blocks.3.1.act2,379.554854,0.09574031084775925,0.10112804174423218
0,head.encoder.model.blocks.3.1.se,378.143102,0.09574031084775925,0.10112804174423218
0,head.encoder.model.blocks.3.1.conv_pwl,332.173626,0.09574031084775925,0.10112804174423218
0,head.encoder.model.blocks.3.1.bn3,378.645397,0.09574031084775925,0.10112804174423218
0,head.encoder.model.blocks.3.2.conv_pw,378.050655,0.09574031084775925,0.10112804174423218
0,head.encoder.model.blocks.3.2.bn1,376.418109,0.09574031084775925,0.10112804174423218
0,head.encoder.model.blocks.3.2.act1,377.682295,0.09574031084775925,0.10112804174423218
0,head.encoder.model.blocks.3.2.conv_dw,374.979671,0.09574031084775925,0.10112804174423218
0,head.encoder.model.blocks.3.2.bn2,373.87408,0.09574031084775925,0.10112803429365158
0,head.encoder.model.blocks.3.2.act2,375.646941,0.09574031084775925,0.10112803429365158
0,head.encoder.model.blocks.3.2.se,375.291513,0.09574031084775925,0.10112804919481277
0,head.encoder.model.blocks.3.2.conv_pwl,372.818061,0.09574031084775925,0.10112804919481277
0,head.encoder.model.blocks.3.2.bn3,371.107167,0.09574031084775925,0.10112804919481277
0,head.encoder.model.blocks.3.3.conv_pw,378.304636,0.09574031084775925,0.10112804174423218
0,head.encoder.model.blocks.3.3.bn1,378.766152,0.09574031084775925,0.10112804919481277
0,head.encoder.model.blocks.3.3.act1,375.208397,0.09574031084775925,0.10112804174423218
0,head.encoder.model.blocks.3.3.conv_dw,377.766819,0.09574031084775925,0.10112803429365158
0,head.encoder.model.blocks.3.3.bn2,375.207952,0.09574031084775925,0.10112804174423218
0,head.encoder.model.blocks.3.3.act2,381.908978,0.09574031084775925,0.10112804174423218
0,head.encoder.model.blocks.3.3.se,327.82438,0.09574031084775925,0.10112804174423218
0,head.encoder.model.blocks.3.3.conv_pwl,378.623745,0.09574031084775925,0.10112804174423218
0,head.encoder.model.blocks.3.3.bn3,377.653121,0.09574031084775925,0.10112804174423218
0,head.encoder.model.blocks.4.0.conv_pw,384.582234,0.09574031084775925,0.10112804919481277
0,head.encoder.model.blocks.4.0.bn1,380.769607,0.09574031084775925,0.10112804174423218
0,head.encoder.model.blocks.4.0.act1,379.9143,0.09574031084775925,0.10112804174423218
0,head.encoder.model.blocks.4.0.conv_dw,381.751826,0.09574031084775925,0.10112804174423218
0,head.encoder.model.blocks.4.0.bn2,381.03334,0.09574031084775925,0.10112804919481277
0,head.encoder.model.blocks.4.0.act2,379.76248,0.09574031084775925,0.10112804174423218
0,head.encoder.model.blocks.4.0.se.conv_reduce,325.945252,0.09574031084775925,0.10112804174423218
0,head.encoder.model.blocks.4.0.se.act1,380.731972,0.09574031084775925,0.10112804174423218
0,head.encoder.model.blocks.4.0.se.conv_expand,381.184467,0.09574031084775925,0.10112804919481277
0,head.encoder.model.blocks.4.0.se.gate,382.565731,0.09574031084775925,0.10112803429365158
0,head.encoder.model.blocks.4.0.conv_pwl,382.50854,0.09574031084775925,0.10112804919481277
0,head.encoder.model.blocks.4.0.bn3,381.663164,0.09574031084775925,0.10112804919481277
0,head.encoder.model.blocks.4.1.conv_pw,379.151561,0.09574031084775925,0.10112804174423218
0,head.encoder.model.blocks.4.1.bn1,383.633257,0.09574031084775925,0.10112803429365158
0,head.encoder.model.blocks.4.1.act1,382.393562,0.09574031084775925,0.10112803429365158
0,head.encoder.model.blocks.4.1.conv_dw,382.180185,0.09574031084775925,0.10112804174423218
0,head.encoder.model.blocks.4.1.bn2,327.912376,0.09574031084775925,0.10112804174423218
0,head.encoder.model.blocks.4.1.act2,379.202392,0.09574031084775925,0.10112804174423218
0,head.encoder.model.blocks.4.1.se.conv_reduce,383.323985,0.09574031084775925,0.10112804174423218
0,head.encoder.model.blocks.4.1.se.act1,381.710691,0.09574031084775925,0.10112804919481277
0,head.encoder.model.blocks.4.1.se.conv_expand,378.42383,0.09574031084775925,0.10112804174423218
0,head.encoder.model.blocks.4.1.se.gate,382.351458,0.09574031084775925,0.10112804919481277
0,head.encoder.model.blocks.4.1.conv_pwl,326.217521,0.09574031084775925,0.10112804919481277
0,head.encoder.model.blocks.4.1.bn3,382.24086,0.09574031084775925,0.10112804174423218
0,head.encoder.model.blocks.5.0.conv_pw,327.912151,0.09574031084775925,0.10112804919481277
0,head.encoder.model.blocks.5.0.bn1,378.430738,0.09574031084775925,0.10112803429365158
0,head.encoder.model.blocks.5.0.act1,378.663844,0.09574031084775925,0.10112804174423218
0,head.encoder.model.blocks.5.0.conv_dw,378.293343,0.09574031084775925,0.10112804174423218
0,head.encoder.model.blocks.5.0.bn2,378.074162,0.09574031084775925,0.10112804919481277
0,head.encoder.model.blocks.5.0.act2,378.345982,0.09574031084775925,0.10112804174423218
0,head.encoder.model.blocks.5.0.se.conv_reduce,379.844098,0.09574031084775925,0.10112804174423218
0,head.encoder.model.blocks.5.0.se.act1,378.411254,0.09574031084775925,0.10112804174423218
0,head.encoder.model.blocks.5.0.se.conv_expand,376.219732,0.09574031084775925,0.10112804174423218
0,head.encoder.model.blocks.5.0.se.gate,380.462655,0.09574031084775925,0.10112804174423218
0,head.encoder.model.blocks.5.0.conv_pwl,378.223049,0.09574031084775925,0.10112804174423218
0,head.encoder.model.blocks.5.0.bn3,379.962971,0.09574031084775925,0.10112804174423218
0,head.encoder.model.blocks.5.1.conv_pw,375.867063,0.09574031084775925,0.10112804174423218
0,head.encoder.model.blocks.5.1.bn1,377.737103,0.09574031084775925,0.10112804174423218
0,head.encoder.model.blocks.5.1.act1,380.859484,0.09574031084775925,0.10112804174423218
0,head.encoder.model.blocks.5.1.conv_dw,380.000723,0.09574031084775925,0.10112804919481277
0,head.encoder.model.blocks.5.1.bn2,380.233703,0.09574031084775925,0.10112804174423218
0,head.encoder.model.blocks.5.1.act2,378.547375,0.09574031084775925,0.10112804174423218
0,head.encoder.model.blocks.5.1.se.conv_reduce,327.751077,0.09574031084775925,0.10112804919481277
0,head.encoder.model.blocks.5.1.se.act1,379.002084,0.09574031084775925,0.10112803429365158
0,head.encoder.model.blocks.5.1.se.conv_expand,376.681124,0.09574031084775925,0.10112804174423218
0,head.encoder.model.blocks.5.1.se.gate,379.748341,0.09574031084775925,0.10112804919481277
0,head.encoder.model.blocks.5.1.conv_pwl,382.490119,0.09574031084775925,0.10112804174423218
0,head.encoder.model.blocks.5.1.bn3,382.012842,0.09574031084775925,0.10112803429365158
0,head.encoder.model.blocks.5.2.conv_pw,378.489329,0.09574031084775925,0.10112804174423218
0,head.encoder.model.blocks.5.2.bn1,378.085514,0.09574031084775925,0.10112804174423218
0,head.encoder.model.blocks.5.2.act1,382.369835,0.09574031084775925,0.10112803429365158
0,head.encoder.model.blocks.5.2.conv_dw,380.086923,0.09574031084775925,0.10112804919481277
0,head.encoder.model.blocks.5.2.bn2,382.015577,0.09574031084775925,0.10112803429365158
0,head.encoder.model.blocks.5.2.act2,380.52733,0.09574031084775925,0.10112804174423218
0,head.encoder.model.blocks.5.2.se.conv_reduce,381.906268,0.09574031084775925,0.10112804174423218
0,head.encoder.model.blocks.5.2.se.act1,382.254103,0.09574031084775925,0.10112804919481277
0,head.encoder.model.blocks.5.2.se.conv_expand,382.846331,0.09574031084775925,0.10112803429365158
0,head.encoder.model.blocks.5.2.se.gate,383.747013,0.09574031084775925,0.10112804174423218
0,head.encoder.model.blocks.5.2.conv_pwl,381.975799,0.09574031084775925,0.10112804174423218
0,head.encoder.model.blocks.5.2.bn3,380.356002,0.09574031084775925,0.10112804174423218
0,head.encoder.model.blocks.6.0.conv,381.86034,0.09574031084775925,0.10112804174423218
0,head.encoder.model.blocks.6.0.bn1,382.138447,0.09574031084775925,0.10112804174423218
0,head.encoder.model.blocks.6.0.act1,376.834155,0.09574031084775925,0.10112804174423218
0,head.decoder.p5,381.856734,0.09574031084775925,0.10112803429365158
0,head.decoder.p4.skip_conv,378.794364,0.09574031084775925,0.10112803429365158
0,head.decoder.p3.skip_conv,328.126167,0.09574031084775925,0.10112804919481277
0,head.decoder.p2.skip_conv,382.464774,0.09574031084775925,0.10112803429365158
0,head.decoder.seg_blocks.0.block.0.block.0,378.090554,0.09574031084775925,0.10112804174423218
0,head.decoder.seg_blocks.0.block.0.block.1,379.458891,0.09574031084775925,0.10112804174423218
0,head.decoder.seg_blocks.0.block.0.block.2,380.973196,0.09574031084775925,0.10112803429365158
0,head.decoder.seg_blocks.0.block.1.block.0,384.369212,0.09574031084775925,0.10112803429365158
0,head.decoder.seg_blocks.0.block.1.block.1,376.821005,0.09574031084775925,0.10112803429365158
0,head.decoder.seg_blocks.0.block.1.block.2,377.733134,0.09574031084775925,0.10112803429365158
0,head.decoder.seg_blocks.0.block.2.block.0,379.365577,0.09574031084775925,0.10112804174423218
0,head.decoder.seg_blocks.0.block.2.block.1,328.69509,0.09574031084775925,0.10112804919481277
0,head.decoder.seg_blocks.0.block.2.block.2,378.189979,0.09574031084775925,0.10112804174423218
0,head.decoder.seg_blocks.1.block.0.block.0,378.766931,0.09574031084775925,0.10112804174423218
0,head.decoder.seg_blocks.1.block.0.block.1,377.724422,0.09574031084775925,0.10112804919481277
0,head.decoder.seg_blocks.1.block.0.block.2,376.248068,0.09574031084775925,0.10112803429365158
0,head.decoder.seg_blocks.1.block.1.block.0,380.239699,0.09574031084775925,0.10112804919481277
0,head.decoder.seg_blocks.1.block.1.block.1,380.173889,0.09574031084775925,0.10112804174423218
0,head.decoder.seg_blocks.1.block.1.block.2,380.342386,0.09574031084775925,0.10112803429365158
0,head.decoder.seg_blocks.2.block.0.block.0,378.399873,0.09574031084775925,0.10112804174423218
0,head.decoder.seg_blocks.2.block.0.block.1,376.413499,0.09574031084775925,0.10112804919481277
0,head.decoder.seg_blocks.2.block.0.block.2,376.318149,0.09574031084775925,0.10112804174423218
0,head.decoder.seg_blocks.3.block.0.block.0,378.397765,0.09574031084775925,0.10112804919481277
0,head.decoder.seg_blocks.3.block.0.block.1,376.258073,0.09574031084775925,0.10112803429365158
0,head.decoder.seg_blocks.3.block.0.block.2,326.183708,0.09574031084775925,0.10112804919481277
0,head.decoder.merge,375.969578,0.09574031084775925,0.10112803429365158
0,head.decoder.dropout,379.518327,0.09574031084775925,0.10112804919481277
0,head.segmentation_head.0,376.729935,0.09574031084775925,0.10112804174423218
0,head.segmentation_head.1,327.122519,0.09574031084775925,0.10112803429365158
0,head.segmentation_head.2.activation,380.753838,0.09574031084775925,0.10112804174423218
1e-07,head.encoder.model.conv_stem,376.078711,0.09574031084775925,0.10112804919481277
1e-07,head.encoder.model.bn1,376.255194,0.09574031084775925,0.10112803429365158
1e-07,head.encoder.model.act1,376.189742,0.09574031084775925,0.10112803429365158
1e-07,head.encoder.model.blocks.0.0.conv_dw,376.111813,0.09574031084775925,0.10112803429365158
1e-07,head.encoder.model.blocks.0.0.bn1,377.998288,0.09574031084775925,0.10112804174423218
1e-07,head.encoder.model.blocks.0.0.act1,373.068733,0.0934160053730011,0.22989755868911743
1e-07,head.encoder.model.blocks.0.0.se,326.574645,0.09574031084775925,0.10112804919481277
1e-07,head.encoder.model.blocks.0.0.conv_pw,380.885298,0.09574031084775925,0.10112804174423218
1e-07,head.encoder.model.blocks.0.0.bn2,381.947461,0.09574031084775925,0.10112804919481277
1e-07,head.encoder.model.blocks.0.0.act2,382.926478,0.09574031084775925,0.10112803429365158
1e-07,head.encoder.model.blocks.1.0.conv_pw,381.925692,0.09574031084775925,0.10112804919481277
1e-07,head.encoder.model.blocks.1.0.bn1,382.234231,0.09574031084775925,0.10112804919481277
1e-07,head.encoder.model.blocks.1.0.act1,380.131258,0.09574031084775925,0.10112804174423218
1e-07,head.encoder.model.blocks.1.0.conv_dw,382.185651,0.09574031084775925,0.10112804174423218
1e-07,head.encoder.model.blocks.1.0.bn2,381.714189,0.09574031084775925,0.10112803429365158
1e-07,head.encoder.model.blocks.1.0.act2,378.476096,0.09574031084775925,0.10112804174423218
1e-07,head.encoder.model.blocks.1.0.se,380.79247,0.09574031084775925,0.10112804174423218
1e-07,head.encoder.model.blocks.1.0.conv_pwl,381.957251,0.09574031084775925,0.10112804174423218
1e-07,head.encoder.model.blocks.1.0.bn3,380.011203,0.09574031084775925,0.10112804919481277
1e-07,head.encoder.model.blocks.1.1.conv_pw,379.227875,0.09574031084775925,0.10112804919481277
1e-07,head.encoder.model.blocks.1.1.bn1,379.498035,0.09574031084775925,0.10112803429365158
1e-07,head.encoder.model.blocks.1.1.act1,380.226764,0.09574031084775925,0.10112804174423218
1e-07,head.encoder.model.blocks.1.1.conv_dw,331.171948,0.09574031084775925,0.10112804174423218
1e-07,head.encoder.model.blocks.1.1.bn2,330.651573,0.09574031084775925,0.10112803429365158
1e-07,head.encoder.model.blocks.1.1.act2,380.454394,0.09574031084775925,0.10112804174423218
1e-07,head.encoder.model.blocks.1.1.se,380.326968,0.09574031084775925,0.10112804919481277
1e-07,head.encoder.model.blocks.1.1.conv_pwl,382.11376,0.09574031084775925,0.10112804174423218
1e-07,head.encoder.model.blocks.1.1.bn3,327.705834,0.09574031084775925,0.10112804919481277
1e-07,head.encoder.model.blocks.2.0.conv_pw,383.799222,0.09574031084775925,0.10112804174423218
1e-07,head.encoder.model.blocks.2.0.bn1,380.453221,0.09574031084775925,0.10112804174423218
1e-07,head.encoder.model.blocks.2.0.act1,381.282117,0.09574031084775925,0.10112804919481277
1e-07,head.encoder.model.blocks.2.0.conv_dw,327.419819,0.09574031084775925,0.10112804919481277
1e-07,head.encoder.model.blocks.2.0.bn2,380.175169,0.09574031084775925,0.10112803429365158
1e-07,head.encoder.model.blocks.2.0.act2,380.128266,0.09574031084775925,0.10112804919481277
1e-07,head.encoder.model.blocks.2.0.se.conv_reduce,381.000955,0.09574031084775925,0.10112804174423218
1e-07,head.encoder.model.blocks.2.0.se.act1,383.038947,0.09574031084775925,0.10112804174423218
1e-07,head.encoder.model.blocks.2.0.se.conv_expand,325.985977,0.09574031084775925,0.10112804174423218
1e-07,head.encoder.model.blocks.2.0.se.gate,382.589863,0.09574031084775925,0.10112804919481277
1e-07,head.encoder.model.blocks.2.0.conv_pwl,380.361093,0.09574031084775925,0.10112804919481277
1e-07,head.encoder.model.blocks.2.0.bn3,379.704082,0.09574031084775925,0.10112804919481277
1e-07,head.encoder.model.blocks.2.1.conv_pw,381.433355,0.09574031084775925,0.10112804174423218
1e-07,head.encoder.model.blocks.2.1.bn1,327.369897,0.09574031084775925,0.10112804919481277
1e-07,head.encoder.model.blocks.2.1.act1,379.494523,0.09574031084775925,0.10112804919481277
1e-07,head.encoder.model.blocks.2.1.conv_dw,380.459255,0.09574031084775925,0.10112804174423218
1e-07,head.encoder.model.blocks.2.1.bn2,380.0343,0.09574031084775925,0.10112804919481277
1e-07,head.encoder.model.blocks.2.1.act2,382.533735,0.09574031084775925,0.10112804174423218
1e-07,head.encoder.model.blocks.2.1.se.conv_reduce,380.063772,0.09574031084775925,0.10112803429365158
1e-07,head.encoder.model.blocks.2.1.se.act1,380.03519,0.09574031084775925,0.10112804174423218
1e-07,head.encoder.model.blocks.2.1.se.conv_expand,382.406949,0.09574031084775925,0.10112803429365158
1e-07,head.encoder.model.blocks.2.1.se.gate,384.341698,0.09574031084775925,0.10112804919481277
1e-07,head.encoder.model.blocks.2.1.conv_pwl,383.968382,0.09574031084775925,0.10112803429365158
1e-07,head.encoder.model.blocks.2.1.bn3,378.72097,0.09574031084775925,0.10112804919481277
1e-07,head.encoder.model.blocks.2.2.conv_pw,379.772021,0.09574031084775925,0.10112804919481277
1e-07,head.encoder.model.blocks.2.2.bn1,379.625279,0.09574031084775925,0.10112804919481277
1e-07,head.encoder.model.blocks.2.2.act1,326.918723,0.09574031084775925,0.10112804919481277
1e-07,head.encoder.model.blocks.2.2.conv_dw,378.302476,0.09574031084775925,0.10112804919481277
1e-07,head.encoder.model.blocks.2.2.bn2,380.98537,0.09574031084775925,0.10112804174423218
1e-07,head.encoder.model.blocks.2.2.act2,380.84668,0.09574031084775925,0.10112804174423218
1e-07,head.encoder.model.blocks.2.2.se.conv_reduce,378.27049,0.09574031084775925,0.10112804174423218
1e-07,head.encoder.model.blocks.2.2.se.act1,380.77616,0.09574031084775925,0.10112803429365158
1e-07,head.encoder.model.blocks.2.2.se.conv_expand,385.744131,0.09574031084775925,0.10112804174423218
1e-07,head.encoder.model.blocks.2.2.se.gate,379.214479,0.09574031084775925,0.10112804919481277
1e-07,head.encoder.model.blocks.2.2.conv_pwl,329.577746,0.09574031084775925,0.10112803429365158
1e-07,head.encoder.model.blocks.2.2.bn3,378.476849,0.09574031084775925,0.10112804919481277
1e-07,head.encoder.model.blocks.3.0.conv_pw,380.142193,0.09574031084775925,0.10112804174423218
1e-07,head.encoder.model.blocks.3.0.bn1,380.380256,0.09574031084775925,0.10112804174423218
1e-07,head.encoder.model.blocks.3.0.act1,380.367226,0.09574031084775925,0.10112804919481277
1e-07,head.encoder.model.blocks.3.0.conv_dw,325.568841,0.09574031084775925,0.10112803429365158
1e-07,head.encoder.model.blocks.3.0.bn2,382.068081,0.09574031084775925,0.10112804174423218
1e-07,head.encoder.model.blocks.3.0.act2,330.767166,0.09574031084775925,0.10112804919481277
1e-07,head.encoder.model.blocks.3.0.se,383.010074,0.09574031084775925,0.10112804174423218
1e-07,head.encoder.model.blocks.3.0.conv_pwl,379.073178,0.09574031084775925,0.10112803429365158
1e-07,head.encoder.model.blocks.3.0.bn3,378.205312,0.09574031084775925,0.10112803429365158
1e-07,head.encoder.model.blocks.3.1.conv_pw,381.215538,0.09574031084775925,0.10112804174423218
1e-07,head.encoder.model.blocks.3.1.bn1,379.219535,0.09574031084775925,0.10112804174423218
1e-07,head.encoder.model.blocks.3.1.act1,380.244914,0.09574031084775925,0.10112804919481277
1e-07,head.encoder.model.blocks.3.1.conv_dw,324.059853,0.09574031084775925,0.10112804174423218
1e-07,head.encoder.model.blocks.3.1.bn2,327.449667,0.09574031084775925,0.10112804919481277
1e-07,head.encoder.model.blocks.3.1.act2,379.912809,0.09574031084775925,0.10112804174423218
1e-07,head.encoder.model.blocks.3.1.se,383.481449,0.09574031084775925,0.10112803429365158
1e-07,head.encoder.model.blocks.3.1.conv_pwl,379.499719,0.09574031084775925,0.10112804174423218
1e-07,head.encoder.model.blocks.3.1.bn3,324.519567,0.09574031084775925,0.10112804919481277
1e-07,head.encoder.model.blocks.3.2.conv_pw,327.393466,0.09574031084775925,0.10112804919481277
1e-07,head.encoder.model.blocks.3.2.bn1,379.966598,0.09574031084775925,0.10112804174423218
1e-07,head.encoder.model.blocks.3.2.act1,379.451397,0.09574031084775925,0.10112804174423218
1e-07,head.encoder.model.blocks.3.2.conv_dw,379.969749,0.09574031084775925,0.10112804174423218
1e-07,head.encoder.model.blocks.3.2.bn2,326.602661,0.09574031084775925,0.10112804174423218
1e-07,head.encoder.model.blocks.3.2.act2,383.262985,0.09574031084775925,0.10112803429365158
1e-07,head.encoder.model.blocks.3.2.se,380.206265,0.09574031084775925,0.10112804174423218
1e-07,head.encoder.model.blocks.3.2.conv_pwl,380.059563,0.09574031084775925,0.10112804174423218
1e-07,head.encoder.model.blocks.3.2.bn3,323.59494,0.09574031084775925,0.10112804919481277
1e-07,head.encoder.model.blocks.3.3.conv_pw,327.061967,0.09574031084775925,0.10112804174423218
1e-07,head.encoder.model.blocks.3.3.bn1,380.422322,0.09574031084775925,0.10112803429365158
1e-07,head.encoder.model.blocks.3.3.act1,380.687938,0.09574031084775925,0.10112803429365158
1e-07,head.encoder.model.blocks.3.3.conv_dw,380.12009,0.09574031084775925,0.10112804174423218
1e-07,head.encoder.model.blocks.3.3.bn2,381.251379,0.09574031084775925,0.10112804174423218
1e-07,head.encoder.model.blocks.3.3.act2,378.690566,0.09574031084775925,0.10112804174423218
1e-07,head.encoder.model.blocks.3.3.se,382.15954,0.09574031084775925,0.10112804174423218
1e-07,head.encoder.model.blocks.3.3.conv_pwl,380.135344,0.09574031084775925,0.10112804174423218
1e-07,head.encoder.model.blocks.3.3.bn3,381.931077,0.09574031084775925,0.10112804174423218
1e-07,head.encoder.model.blocks.4.0.conv_pw,328.519817,0.09574031084775925,0.10112804174423218
1e-07,head.encoder.model.blocks.4.0.bn1,322.734282,0.09574031084775925,0.10112803429365158
1e-07,head.encoder.model.blocks.4.0.act1,382.001853,0.09574031084775925,0.10112804174423218
1e-07,head.encoder.model.blocks.4.0.conv_dw,382.004957,0.09574031084775925,0.10112804919481277
1e-07,head.encoder.model.blocks.4.0.bn2,380.358432,0.09574031084775925,0.10112804174423218
1e-07,head.encoder.model.blocks.4.0.act2,380.002763,0.09574031084775925,0.10112803429365158
1e-07,head.encoder.model.blocks.4.0.se.conv_reduce,380.125268,0.09574031084775925,0.10112804174423218
1e-07,head.encoder.model.blocks.4.0.se.act1,329.111846,0.09574031084775925,0.10112804174423218
1e-07,head.encoder.model.blocks.4.0.se.conv_expand,378.955581,0.09574031084775925,0.10112804919481277
1e-07,head.encoder.model.blocks.4.0.se.gate,379.692983,0.09574031084775925,0.10112804174423218
1e-07,head.encoder.model.blocks.4.0.conv_pwl,324.597673,0.09574031084775925,0.10112803429365158
1e-07,head.encoder.model.blocks.4.0.bn3,377.975563,0.09574031084775925,0.10112804919481277
1e-07,head.encoder.model.blocks.4.1.conv_pw,382.596756,0.09574031084775925,0.10112804174423218
1e-07,head.encoder.model.blocks.4.1.bn1,381.399681,0.09574031084775925,0.10112804919481277
1e-07,head.encoder.model.blocks.4.1.act1,323.423623,0.09574031084775925,0.10112803429365158
1e-07,head.encoder.model.blocks.4.1.conv_dw,381.852765,0.09574031084775925,0.10112804174423218
1e-07,head.encoder.model.blocks.4.1.bn2,380.618746,0.09574031084775925,0.10112804174423218
1e-07,head.encoder.model.blocks.4.1.act2,380.365518,0.09574031084775925,0.10112803429365158
1e-07,head.encoder.model.blocks.4.1.se.conv_reduce,322.071053,0.09574031084775925,0.10112803429365158
1e-07,head.encoder.model.blocks.4.1.se.act1,379.65548,0.09574031084775925,0.10112804174423218
1e-07,head.encoder.model.blocks.4.1.se.conv_expand,325.868753,0.09574031084775925,0.10112804174423218
1e-07,head.encoder.model.blocks.4.1.se.gate,379.562529,0.09574031084775925,0.10112804919481277
1e-07,head.encoder.model.blocks.4.1.conv_pwl,381.901545,0.09574031084775925,0.10112803429365158
1e-07,head.encoder.model.blocks.4.1.bn3,378.476248,0.09574031084775925,0.10112804919481277
1e-07,head.encoder.model.blocks.5.0.conv_pw,382.095217,0.09574031084775925,0.10112803429365158
1e-07,head.encoder.model.blocks.5.0.bn1,381.528476,0.09574031084775925,0.10112804174423218
1e-07,head.encoder.model.blocks.5.0.act1,324.225083,0.09574031084775925,0.10112803429365158
1e-07,head.encoder.model.blocks.5.0.conv_dw,380.082021,0.09574031084775925,0.10112804174423218
1e-07,head.encoder.model.blocks.5.0.bn2,380.495135,0.09574031084775925,0.10112804919481277
1e-07,head.encoder.model.blocks.5.0.act2,380.348842,0.09574031084775925,0.10112804174423218
1e-07,head.encoder.model.blocks.5.0.se.conv_reduce,381.502361,0.09574031084775925,0.10112803429365158
1e-07,head.encoder.model.blocks.5.0.se.act1,330.5977,0.09574031084775925,0.10112804174423218
1e-07,head.encoder.model.blocks.5.0.se.conv_expand,380.532982,0.09574031084775925,0.10112804919481277
1e-07,head.encoder.model.blocks.5.0.se.gate,379.880803,0.09574031084775925,0.10112804174423218
1e-07,head.encoder.model.blocks.5.0.conv_pwl,378.409869,0.09574031084775925,0.10112804174423218
1e-07,head.encoder.model.blocks.5.0.bn3,380.324071,0.09574031084775925,0.10112804919481277
1e-07,head.encoder.model.blocks.5.1.conv_pw,381.083605,0.09574031084775925,0.10112803429365158
1e-07,head.encoder.model.blocks.5.1.bn1,380.998693,0.09574031084775925,0.10112803429365158
1e-07,head.encoder.model.blocks.5.1.act1,378.472186,0.09574031084775925,0.10112804919481277
1e-07,head.encoder.model.blocks.5.1.conv_dw,323.635581,0.09574031084775925,0.10112803429365158
1e-07,head.encoder.model.blocks.5.1.bn2,376.848406,0.09574031084775925,0.10112804174423218
1e-07,head.encoder.model.blocks.5.1.act2,383.274196,0.09574031084775925,0.10112803429365158
1e-07,head.encoder.model.blocks.5.1.se.conv_reduce,381.043022,0.09574031084775925,0.10112804174423218
1e-07,head.encoder.model.blocks.5.1.se.act1,376.078365,0.09574031084775925,0.10112804174423218
1e-07,head.encoder.model.blocks.5.1.se.conv_expand,323.657891,0.09574031084775925,0.10112804174423218
1e-07,head.encoder.model.blocks.5.1.se.gate,377.070022,0.09574031084775925,0.10112804919481277
1e-07,head.encoder.model.blocks.5.1.conv_pwl,378.137571,0.09574031084775925,0.10112804919481277
1e-07,head.encoder.model.blocks.5.1.bn3,321.644103,0.09574031084775925,0.10112804174423218
1e-07,head.encoder.model.blocks.5.2.conv_pw,380.927452,0.09574031084775925,0.10112803429365158
1e-07,head.encoder.model.blocks.5.2.bn1,376.961397,0.09574031084775925,0.10112804919481277
1e-07,head.encoder.model.blocks.5.2.act1,376.720989,0.09574031084775925,0.10112803429365158
1e-07,head.encoder.model.blocks.5.2.conv_dw,374.893446,0.09574031084775925,0.10112803429365158
1e-07,head.encoder.model.blocks.5.2.bn2,376.169758,0.09574031084775925,0.10112804174423218
1e-07,head.encoder.model.blocks.5.2.act2,376.214686,0.09574031084775925,0.10112804919481277
1e-07,head.encoder.model.blocks.5.2.se.conv_reduce,377.989551,0.09574031084775925,0.10112803429365158
1e-07,head.encoder.model.blocks.5.2.se.act1,375.969073,0.09574031084775925,0.10112803429365158
1e-07,head.encoder.model.blocks.5.2.se.conv_expand,324.294863,0.09574031084775925,0.10112803429365158
1e-07,head.encoder.model.blocks.5.2.se.gate,321.801791,0.09574031084775925,0.10112803429365158
1e-07,head.encoder.model.blocks.5.2.conv_pwl,374.816227,0.09574031084775925,0.10112804919481277
1e-07,head.encoder.model.blocks.5.2.bn3,322.55261,0.09574031084775925,0.10112804174423218
1e-07,head.encoder.model.blocks.6.0.conv,374.80353,0.09574031084775925,0.10112803429365158
1e-07,head.encoder.model.blocks.6.0.bn1,375.241359,0.09574031084775925,0.10112804174423218
1e-07,head.encoder.model.blocks.6.0.act1,374.293122,0.09574031084775925,0.10112804919481277
1e-07,head.decoder.p5,375.609616,0.09574031084775925,0.10112804919481277
1e-07,head.decoder.p4.skip_conv,376.083595,0.09574031084775925,0.10112804919481277
1e-07,head.decoder.p3.skip_conv,376.084471,0.09574031084775925,0.10112804174423218
1e-07,head.decoder.p2.skip_conv,376.30086,0.09574031084775925,0.10112804174423218
1e-07,head.decoder.seg_blocks.0.block.0.block.0,376.525048,0.09574031084775925,0.10112804174423218
1e-07,head.decoder.seg_blocks.0.block.0.block.1,321.733827,0.09574031084775925,0.10112804919481277
1e-07,head.decoder.seg_blocks.0.block.0.block.2,376.443736,0.09574031084775925,0.10112804174423218
1e-07,head.decoder.seg_blocks.0.block.1.block.0,377.495219,0.09574031084775925,0.10112804174423218
1e-07,head.decoder.seg_blocks.0.block.1.block.1,322.647453,0.09574031084775925,0.10112804919481277
1e-07,head.decoder.seg_blocks.0.block.1.block.2,324.211301,0.09574031084775925,0.10112804174423218
1e-07,head.decoder.seg_blocks.0.block.2.block.0,374.567201,0.09574031084775925,0.10112804174423218
1e-07,head.decoder.seg_blocks.0.block.2.block.1,375.895305,0.09574031084775925,0.10112803429365158
1e-07,head.decoder.seg_blocks.0.block.2.block.2,376.671946,0.09574031084775925,0.10112803429365158
1e-07,head.decoder.seg_blocks.1.block.0.block.0,376.138996,0.09574031084775925,0.10112804174423218
1e-07,head.decoder.seg_blocks.1.block.0.block.1,377.734991,0.09574031084775925,0.10112804174423218
1e-07,head.decoder.seg_blocks.1.block.0.block.2,376.146827,0.09574031084775925,0.10112803429365158
1e-07,head.decoder.seg_blocks.1.block.1.block.0,324.011015,0.09574031084775925,0.10112804174423218
1e-07,head.decoder.seg_blocks.1.block.1.block.1,374.94132,0.09574031084775925,0.10112804919481277
1e-07,head.decoder.seg_blocks.1.block.1.block.2,376.122468,0.09574031084775925,0.10112804919481277
1e-07,head.decoder.seg_blocks.2.block.0.block.0,375.497119,0.09574031084775925,0.10112803429365158
1e-07,head.decoder.seg_blocks.2.block.0.block.1,375.403129,0.09574031084775925,0.10112804174423218
1e-07,head.decoder.seg_blocks.2.block.0.block.2,378.949901,0.09574031084775925,0.10112803429365158
1e-07,head.decoder.seg_blocks.3.block.0.block.0,377.972107,0.09574031084775925,0.10112804174423218
1e-07,head.decoder.seg_blocks.3.block.0.block.1,324.453445,0.09574031084775925,0.10112804919481277
1e-07,head.decoder.seg_blocks.3.block.0.block.2,378.323736,0.09574031084775925,0.10112803429365158
1e-07,head.decoder.merge,376.907483,0.09574031084775925,0.10112804174423218
1e-07,head.decoder.dropout,377.848113,0.09574031084775925,0.10112804174423218
1e-07,head.segmentation_head.0,375.865062,0.09574031084775925,0.10112804174423218
1e-07,head.segmentation_head.1,321.889742,0.09574031084775925,0.10112804174423218
1e-07,head.segmentation_head.2.activation,376.340539,0.09574031084775925,0.10112804174423218
2e-07,head.encoder.model.conv_stem,376.400795,0.09574031084775925,0.10112804919481277
2e-07,head.encoder.model.bn1,377.486897,0.09574031084775925,0.10112804919481277
2e-07,head.encoder.model.act1,376.917509,0.09574031084775925,0.10112804919481277
2e-07,head.encoder.model.blocks.0.0.conv_dw,324.680992,0.09574031084775925,0.10112804174423218
2e-07,head.encoder.model.blocks.0.0.bn1,377.523554,0.09574031084775925,0.10112804919481277
2e-07,head.encoder.model.blocks.0.0.act1,376.446344,0.09574031084775925,0.10112804919481277
2e-07,head.encoder.model.blocks.0.0.se,374.427961,0.09386913478374481,0.16490748524665833
2e-07,head.encoder.model.blocks.0.0.conv_pw,377.321787,0.09574031084775925,0.10112803429365158
2e-07,head.encoder.model.blocks.0.0.bn2,332.209605,0.029724346473813057,3.7460626653137437e+27
2e-07,head.encoder.model.blocks.0.0.act2,374.816162,0.09574031084775925,0.10112804174423218
2e-07,head.encoder.model.blocks.1.0.conv_pw,376.128848,0.09574031084775925,0.10112803429365158
2e-07,head.encoder.model.blocks.1.0.bn1,377.597733,0.09574031084775925,0.10112803429365158
2e-07,head.encoder.model.blocks.1.0.act1,376.924623,0.09574031084775925,0.10112803429365158
2e-07,head.encoder.model.blocks.1.0.conv_dw,322.963456,0.09574031084775925,0.10112804919481277
2e-07,head.encoder.model.blocks.1.0.bn2,378.774412,0.09574031084775925,0.10112803429365158
2e-07,head.encoder.model.blocks.1.0.act2,374.583734,0.09574031084775925,0.10112803429365158
2e-07,head.encoder.model.blocks.1.0.se,376.144923,0.09574031084775925,0.10112804919481277
2e-07,head.encoder.model.blocks.1.0.conv_pwl,376.260349,0.09574031084775925,0.10112804174423218
2e-07,head.encoder.model.blocks.1.0.bn3,376.512624,0.09574031084775925,0.10112804174423218
2e-07,head.encoder.model.blocks.1.1.conv_pw,377.677159,0.09574031084775925,0.10112804174423218
2e-07,head.encoder.model.blocks.1.1.bn1,376.490457,0.09574031084775925,0.10112804174423218
2e-07,head.encoder.model.blocks.1.1.act1,327.891264,0.09574031084775925,0.10112804919481277
2e-07,head.encoder.model.blocks.1.1.conv_dw,374.507744,0.09574031084775925,0.10112804919481277
2e-07,head.encoder.model.blocks.1.1.bn2,372.191084,0.09574031084775925,0.10112803429365158
2e-07,head.encoder.model.blocks.1.1.act2,376.495834,0.09574031084775925,0.10112804174423218
2e-07,head.encoder.model.blocks.1.1.se,375.573832,0.09574026614427567,0.10112803429365158
2e-07,head.encoder.model.blocks.1.1.conv_pwl,323.772849,0.09574031084775925,0.10112803429365158
2e-07,head.encoder.model.blocks.1.1.bn3,324.401586,0.09574031084775925,0.10112804174423218
2e-07,head.encoder.model.blocks.2.0.conv_pw,376.156297,0.09574031084775925,0.10112804174423218
2e-07,head.encoder.model.blocks.2.0.bn1,375.547374,0.09574031084775925,0.10112804919481277
2e-07,head.encoder.model.blocks.2.0.act1,372.984191,0.09574031084775925,0.10112803429365158
2e-07,head.encoder.model.blocks.2.0.conv_dw,376.197752,0.09574031084775925,0.10112803429365158
2e-07,head.encoder.model.blocks.2.0.bn2,373.124507,0.09574031084775925,0.10112804919481277
2e-07,head.encoder.model.blocks.2.0.act2,377.284085,0.09574031084775925,0.10112803429365158
2e-07,head.encoder.model.blocks.2.0.se.conv_reduce,323.568202,0.09574031084775925,0.10112804174423218
2e-07,head.encoder.model.blocks.2.0.se.act1,375.628652,0.09574031084775925,0.10112803429365158
2e-07,head.encoder.model.blocks.2.0.se.conv_expand,375.26509,0.09574031084775925,0.10112804919481277
2e-07,head.encoder.model.blocks.2.0.se.gate,376.205965,0.09574031084775925,0.10112803429365158
2e-07,head.encoder.model.blocks.2.0.conv_pwl,374.586372,0.09574031084775925,0.10112804919481277
2e-07,head.encoder.model.blocks.2.0.bn3,319.5505,0.09574031084775925,0.10112804174423218
2e-07,head.encoder.model.blocks.2.1.conv_pw,374.896353,0.09574031084775925,0.10112804174423218
2e-07,head.encoder.model.blocks.2.1.bn1,375.914141,0.09574031084775925,0.10112804174423218
2e-07,head.encoder.model.blocks.2.1.act1,375.817657,0.09574031084775925,0.10112804174423218
2e-07,head.encoder.model.blocks.2.1.conv_dw,373.531193,0.09574031084775925,0.10112803429365158
2e-07,head.encoder.model.blocks.2.1.bn2,375.011454,0.09574031084775925,0.10112804174423218
2e-07,head.encoder.model.blocks.2.1.act2,377.426227,0.09574031084775925,0.10112804919481277
2e-07,head.encoder.model.blocks.2.1.se.conv_reduce,377.069776,0.09574031084775925,0.10112804919481277
2e-07,head.encoder.model.blocks.2.1.se.act1,376.30788,0.09574031084775925,0.10112804174423218
2e-07,head.encoder.model.blocks.2.1.se.conv_expand,323.955015,0.09574031084775925,0.10112804174423218
2e-07,head.encoder.model.blocks.2.1.se.gate,322.720083,0.09574031084775925,0.10112804919481277
2e-07,head.encoder.model.blocks.2.1.conv_pwl,376.177718,0.09574031084775925,0.10112804174423218
2e-07,head.encoder.model.blocks.2.1.bn3,321.957197,0.09574031084775925,0.10112804919481277
2e-07,head.encoder.model.blocks.2.2.conv_pw,321.883744,0.09574031084775925,0.10112804919481277
2e-07,head.encoder.model.blocks.2.2.bn1,322.346449,0.09574031084775925,0.10112804919481277
2e-07,head.encoder.model.blocks.2.2.act1,376.491266,0.09574031084775925,0.10112804919481277
2e-07,head.encoder.model.blocks.2.2.conv_dw,376.044067,0.09574031084775925,0.10112804919481277
2e-07,head.encoder.model.blocks.2.2.bn2,375.997187,0.09574031084775925,0.10112804919481277
2e-07,head.encoder.model.blocks.2.2.act2,374.67736,0.09574031084775925,0.10112803429365158
2e-07,head.encoder.model.blocks.2.2.se.conv_reduce,321.521933,0.09574031084775925,0.10112804919481277
2e-07,head.encoder.model.blocks.2.2.se.act1,376.884652,0.09574031084775925,0.10112803429365158
2e-07,head.encoder.model.blocks.2.2.se.conv_expand,376.497103,0.09574031084775925,0.10112803429365158
2e-07,head.encoder.model.blocks.2.2.se.gate,377.694768,0.09574031084775925,0.10112804174423218
2e-07,head.encoder.model.blocks.2.2.conv_pwl,376.030012,0.09574031084775925,0.10112804174423218
2e-07,head.encoder.model.blocks.2.2.bn3,380.229042,0.09574031084775925,0.10112804919481277
2e-07,head.encoder.model.blocks.3.0.conv_pw,374.627412,0.09574031084775925,0.10112803429365158
2e-07,head.encoder.model.blocks.3.0.bn1,377.618664,0.09574031084775925,0.10112803429365158
2e-07,head.encoder.model.blocks.3.0.act1,378.779177,0.09574031084775925,0.10112804174423218
2e-07,head.encoder.model.blocks.3.0.conv_dw,375.711452,0.09574031084775925,0.10112804174423218
2e-07,head.encoder.model.blocks.3.0.bn2,375.322627,0.09574031084775925,0.10112804174423218
2e-07,head.encoder.model.blocks.3.0.act2,376.983897,0.09574031084775925,0.10112804919481277
2e-07,head.encoder.model.blocks.3.0.se,326.046046,0.09574031084775925,0.10112803429365158
2e-07,head.encoder.model.blocks.3.0.conv_pwl,378.393903,0.09574031084775925,0.10112804919481277
2e-07,head.encoder.model.blocks.3.0.bn3,376.287697,0.09574031084775925,0.10112803429365158
2e-07,head.encoder.model.blocks.3.1.conv_pw,324.136545,0.09574031084775925,0.10112804174423218
2e-07,head.encoder.model.blocks.3.1.bn1,321.841647,0.09574031084775925,0.10112803429365158
2e-07,head.encoder.model.blocks.3.1.act1,325.768105,0.09574031084775925,0.10112804174423218
2e-07,head.encoder.model.blocks.3.1.conv_dw,322.338711,0.09574031084775925,0.10112804174423218
2e-07,head.encoder.model.blocks.3.1.bn2,378.525738,0.09574031084775925,0.10112804174423218
2e-07,head.encoder.model.blocks.3.1.act2,375.746359,0.09574031084775925,0.10112803429365158
2e-07,head.encoder.model.blocks.3.1.se,378.240639,0.09574031084775925,0.10112803429365158
2e-07,head.encoder.model.blocks.3.1.conv_pwl,376.695841,0.09574031084775925,0.10112804919481277
2e-07,head.encoder.model.blocks.3.1.bn3,376.395843,0.09574031084775925,0.10112804174423218
2e-07,head.encoder.model.blocks.3.2.conv_pw,322.697798,0.09574031084775925,0.10112804174423218
2e-07,head.encoder.model.blocks.3.2.bn1,323.041129,0.09574031084775925,0.10112804174423218
2e-07,head.encoder.model.blocks.3.2.act1,380.409978,0.09574031084775925,0.10112804174423218
2e-07,head.encoder.model.blocks.3.2.conv_dw,377.885093,0.09574031084775925,0.10112803429365158
2e-07,head.encoder.model.blocks.3.2.bn2,376.755968,0.09574031084775925,0.10112803429365158
2e-07,head.encoder.model.blocks.3.2.act2,322.098319,0.09574031084775925,0.10112804174423218
2e-07,head.encoder.model.blocks.3.2.se,377.191434,0.09574031084775925,0.10112803429365158
2e-07,head.encoder.model.blocks.3.2.conv_pwl,377.264055,0.09574031084775925,0.10112804174423218
2e-07,head.encoder.model.blocks.3.2.bn3,320.054909,0.09574031084775925,0.10112803429365158
2e-07,head.encoder.model.blocks.3.3.conv_pw,378.155754,0.09574031084775925,0.10112804919481277
2e-07,head.encoder.model.blocks.3.3.bn1,376.650703,0.09574031084775925,0.10112804174423218
2e-07,head.encoder.model.blocks.3.3.act1,329.311233,0.09574031084775925,0.10112804174423218
2e-07,head.encoder.model.blocks.3.3.conv_dw,384.84982,0.09574031084775925,0.10112803429365158
2e-07,head.encoder.model.blocks.3.3.bn2,380.365931,0.09574031084775925,0.10112804174423218
2e-07,head.encoder.model.blocks.3.3.act2,382.376794,0.09574031084775925,0.10112804174423218
2e-07,head.encoder.model.blocks.3.3.se,380.307074,0.09574031084775925,0.10112804174423218
2e-07,head.encoder.model.blocks.3.3.conv_pwl,380.341057,0.09574031084775925,0.10112804919481277
2e-07,head.encoder.model.blocks.3.3.bn3,325.959977,0.09574031084775925,0.10112804174423218
2e-07,head.encoder.model.blocks.4.0.conv_pw,328.026348,0.09574031084775925,0.10112804174423218
2e-07,head.encoder.model.blocks.4.0.bn1,380.575745,0.09574031084775925,0.10112804174423218
2e-07,head.encoder.model.blocks.4.0.act1,327.794728,0.09574031084775925,0.10112804174423218
2e-07,head.encoder.model.blocks.4.0.conv_dw,324.008174,0.09574031084775925,0.10112804174423218
2e-07,head.encoder.model.blocks.4.0.bn2,381.417509,0.09574031084775925,0.10112804919481277
2e-07,head.encoder.model.blocks.4.0.act2,381.032916,0.09574031084775925,0.10112804174423218
2e-07,head.encoder.model.blocks.4.0.se.conv_reduce,380.179622,0.09574031084775925,0.10112804919481277
2e-07,head.encoder.model.blocks.4.0.se.act1,380.642658,0.09574031084775925,0.10112804174423218
2e-07,head.encoder.model.blocks.4.0.se.conv_expand,380.447188,0.09574031084775925,0.10112804174423218
2e-07,head.encoder.model.blocks.4.0.se.gate,325.651257,0.09574031084775925,0.10112804174423218
2e-07,head.encoder.model.blocks.4.0.conv_pwl,327.289875,0.09574031084775925,0.10112804919481277
2e-07,head.encoder.model.blocks.4.0.bn3,328.940762,0.09574031084775925,0.10112804174423218
2e-07,head.encoder.model.blocks.4.1.conv_pw,380.904851,0.09574031084775925,0.10112804174423218
2e-07,head.encoder.model.blocks.4.1.bn1,323.875908,0.09574031084775925,0.10112803429365158
2e-07,head.encoder.model.blocks.4.1.act1,327.974328,0.09574031084775925,0.10112804919481277
2e-07,head.encoder.model.blocks.4.1.conv_dw,328.333351,0.09574031084775925,0.10112804174423218
2e-07,head.encoder.model.blocks.4.1.bn2,378.133486,0.09574031084775925,0.10112804919481277
2e-07,head.encoder.model.blocks.4.1.act2,374.034464,0.09574031084775925,0.10112804919481277
2e-07,head.encoder.model.blocks.4.1.se.conv_reduce,320.616261,0.09574031084775925,0.10112804174423218
2e-07,head.encoder.model.blocks.4.1.se.act1,372.909792,0.09574031084775925,0.10112804919481277
2e-07,head.encoder.model.blocks.4.1.se.conv_expand,317.628566,0.09574031084775925,0.10112804919481277
2e-07,head.encoder.model.blocks.4.1.se.gate,320.031012,0.09574031084775925,0.10112804919481277
2e-07,head.encoder.model.blocks.4.1.conv_pwl,372.775064,0.09574031084775925,0.10112804174423218
2e-07,head.encoder.model.blocks.4.1.bn3,320.934041,0.09574031084775925,0.10112803429365158
2e-07,head.encoder.model.blocks.5.0.conv_pw,374.574088,0.09574031084775925,0.10112803429365158
2e-07,head.encoder.model.blocks.5.0.bn1,319.571534,0.09574031084775925,0.10112804919481277
2e-07,head.encoder.model.blocks.5.0.act1,370.265129,0.09574031084775925,0.10112804174423218
2e-07,head.encoder.model.blocks.5.0.conv_dw,371.885718,0.09574031084775925,0.10112804919481277
2e-07,head.encoder.model.blocks.5.0.bn2,317.581361,0.09574031084775925,0.10112804919481277
2e-07,head.encoder.model.blocks.5.0.act2,320.743798,0.09574031084775925,0.10112804174423218
2e-07,head.encoder.model.blocks.5.0.se.conv_reduce,371.94979,0.09574031084775925,0.10112804174423218
2e-07,head.encoder.model.blocks.5.0.se.act1,372.90479,0.09574031084775925,0.10112804174423218
2e-07,head.encoder.model.blocks.5.0.se.conv_expand,371.721874,0.09574031084775925,0.10112804174423218
2e-07,head.encoder.model.blocks.5.0.se.gate,374.231546,0.09574031084775925,0.10112803429365158
2e-07,head.encoder.model.blocks.5.0.conv_pwl,375.919894,0.09574031084775925,0.10112804174423218
2e-07,head.encoder.model.blocks.5.0.bn3,319.418306,0.09574031084775925,0.10112803429365158
2e-07,head.encoder.model.blocks.5.1.conv_pw,370.84623,0.09574031084775925,0.10112804174423218
2e-07,head.encoder.model.blocks.5.1.bn1,319.868125,0.09574031084775925,0.10112804174423218
2e-07,head.encoder.model.blocks.5.1.act1,371.585443,0.09574031084775925,0.10112804174423218
2e-07,head.encoder.model.blocks.5.1.conv_dw,372.552448,0.09574031084775925,0.10112804174423218
2e-07,head.encoder.model.blocks.5.1.bn2,373.227761,0.09574031084775925,0.10112804174423218
2e-07,head.encoder.model.blocks.5.1.act2,370.149232,0.09574031084775925,0.10112804919481277
2e-07,head.encoder.model.blocks.5.1.se.conv_reduce,374.665193,0.09574031084775925,0.10112804919481277
2e-07,head.encoder.model.blocks.5.1.se.act1,320.057008,0.09574031084775925,0.10112804174423218
2e-07,head.encoder.model.blocks.5.1.se.conv_expand,370.858811,0.09574031084775925,0.10112804174423218
2e-07,head.encoder.model.blocks.5.1.se.gate,314.829161,0.09574031084775925,0.10112803429365158
2e-07,head.encoder.model.blocks.5.1.conv_pwl,372.682032,0.09574031084775925,0.10112803429365158
2e-07,head.encoder.model.blocks.5.1.bn3,371.006285,0.09574031084775925,0.10112803429365158
2e-07,head.encoder.model.blocks.5.2.conv_pw,319.154146,0.09574031084775925,0.10112804174423218
2e-07,head.encoder.model.blocks.5.2.bn1,371.833422,0.09574031084775925,0.10112804174423218
2e-07,head.encoder.model.blocks.5.2.act1,371.318651,0.09574031084775925,0.10112803429365158
2e-07,head.encoder.model.blocks.5.2.conv_dw,317.933724,0.09574031084775925,0.10112804919481277
2e-07,head.encoder.model.blocks.5.2.bn2,316.759819,0.09574031084775925,0.10112804919481277
2e-07,head.encoder.model.blocks.5.2.act2,376.402789,0.09574031084775925,0.10112803429365158
2e-07,head.encoder.model.blocks.5.2.se.conv_reduce,316.120959,0.09574031084775925,0.10112804919481277
2e-07,head.encoder.model.blocks.5.2.se.act1,371.177189,0.09574031084775925,0.10112804174423218
2e-07,head.encoder.model.blocks.5.2.se.conv_expand,316.710129,0.09574031084775925,0.10112804174423218
2e-07,head.encoder.model.blocks.5.2.se.gate,318.66499,0.09574031084775925,0.10112804174423218
2e-07,head.encoder.model.blocks.5.2.conv_pwl,313.594899,0.09574031084775925,0.10112803429365158
2e-07,head.encoder.model.blocks.5.2.bn3,317.911721,0.09574031084775925,0.10112804174423218
2e-07,head.encoder.model.blocks.6.0.conv,371.637522,0.09574031084775925,0.10112804174423218
2e-07,head.encoder.model.blocks.6.0.bn1,377.042981,0.09574031084775925,0.10112803429365158
2e-07,head.encoder.model.blocks.6.0.act1,371.7431,0.09574031084775925,0.10112804174423218
2e-07,head.decoder.p5,371.075863,0.09574031084775925,0.10112803429365158
2e-07,head.decoder.p4.skip_conv,321.821655,0.09574031084775925,0.10112803429365158
2e-07,head.decoder.p3.skip_conv,372.926929,0.09574031084775925,0.10112804174423218
2e-07,head.decoder.p2.skip_conv,371.378231,0.09574031084775925,0.10112803429365158
2e-07,head.decoder.seg_blocks.0.block.0.block.0,371.94783,0.09574031084775925,0.10112804174423218
2e-07,head.decoder.seg_blocks.0.block.0.block.1,376.008858,0.09574031084775925,0.10112803429365158
2e-07,head.decoder.seg_blocks.0.block.0.block.2,378.334371,0.09574031084775925,0.10112804174423218
2e-07,head.decoder.seg_blocks.0.block.1.block.0,377.121423,0.09574031084775925,0.10112804174423218
2e-07,head.decoder.seg_blocks.0.block.1.block.1,375.705612,0.09574031084775925,0.10112805664539337
2e-07,head.decoder.seg_blocks.0.block.1.block.2,324.7725,0.09574031084775925,0.10112804174423218
2e-07,head.decoder.seg_blocks.0.block.2.block.0,375.152925,0.09574031084775925,0.10112804174423218
2e-07,head.decoder.seg_blocks.0.block.2.block.1,321.393433,0.09574031084775925,0.10112804174423218
2e-07,head.decoder.seg_blocks.0.block.2.block.2,376.700503,0.09574031084775925,0.10112804174423218
2e-07,head.decoder.seg_blocks.1.block.0.block.0,374.637275,0.09574031084775925,0.10112804174423218
2e-07,head.decoder.seg_blocks.1.block.0.block.1,319.871917,0.09574031084775925,0.10112804919481277
2e-07,head.decoder.seg_blocks.1.block.0.block.2,380.91754,0.09574031084775925,0.10112804919481277
2e-07,head.decoder.seg_blocks.1.block.1.block.0,377.27472,0.09574031084775925,0.10112804919481277
2e-07,head.decoder.seg_blocks.1.block.1.block.1,374.657697,0.09574031084775925,0.10112804174423218
2e-07,head.decoder.seg_blocks.1.block.1.block.2,378.955246,0.09574031084775925,0.10112804919481277
2e-07,head.decoder.seg_blocks.2.block.0.block.0,370.857784,0.09574031084775925,0.10112804174423218
2e-07,head.decoder.seg_blocks.2.block.0.block.1,379.152601,0.09574031084775925,0.10112804919481277
2e-07,head.decoder.seg_blocks.2.block.0.block.2,381.292693,0.09574031084775925,0.10112804919481277
2e-07,head.decoder.seg_blocks.3.block.0.block.0,388.944188,0.09574031084775925,0.10112804174423218
2e-07,head.decoder.seg_blocks.3.block.0.block.1,381.351077,0.09574031084775925,0.10112804174423218
2e-07,head.decoder.seg_blocks.3.block.0.block.2,381.852614,0.09574031084775925,0.10112803429365158
2e-07,head.decoder.merge,376.931525,0.09574031084775925,0.10112804919481277
2e-07,head.decoder.dropout,376.266128,0.09574031084775925,0.10112803429365158
2e-07,head.segmentation_head.0,377.936779,0.09574031084775925,0.10112804919481277
2e-07,head.segmentation_head.1,386.851324,0.09574031084775925,0.10112803429365158
2e-07,head.segmentation_head.2.activation,379.637379,0.09574031084775925,0.10112804174423218
